測站名稱,城市,測站緯度,測站經度,台北車站緯度,台北車站經度,距離_公里,氣溫,觀測時間
玉井,臺南市,23.126042,120.46055,25.0478,121.517,239.09,30.2,2026-02-24 15:50:00+08:00
竹田國中,屏東縣,22.61532,120.52412,25.0478,121.517,288.71,29.2,2026-02-24 15:50:00+08:00
南沙島,高雄市,10.370203,114.364286,25.0478,121.517,1798.2,28.8,2026-02-24 15:50:00+08:00
鹿陶洋,臺南市,23.14325,120.48352,25.0478,121.517,236.33,28.6,2026-02-24 15:50:00+08:00
甲仙,高雄市,23.080106,120.591758,25.0478,121.517,238.11,28.6,2026-02-24 15:50:00+08:00
曾文,臺南市,23.219681,120.497328,25.0478,121.517,228.09,28.4,2026-02-24 15:50:00+08:00
高雄農改,屏東縣,22.709333,120.525889,25.0478,121.517,278.87,28.3,2026-02-24 15:50:00+08:00
屏科大,屏東縣,22.648275,120.619247,25.0478,121.517,282.0,28.2,2026-02-24 15:50:00+08:00
屏東,屏東縣,22.660269,120.494027,25.0478,121.517,285.13,28.2,2026-02-24 15:50:00+08:00
大新,屏東縣,22.67558,120.57788,25.0478,121.517,280.53,28.2,2026-02-24 15:50:00+08:00
月眉,高雄市,22.971003,120.539853,25.0478,121.517,251.35,28.1,2026-02-24 15:50:00+08:00
臺南農改,臺南市,23.0605,120.342194,25.0478,121.517,251.11,27.9,2026-02-24 15:50:00+08:00
國三N425K,屏東縣,22.480277,120.531666,25.0478,121.517,302.59,27.8,2026-02-24 15:50:00+08:00
國三S415K,屏東縣,22.568,120.528,25.0478,121.517,293.52,27.6,2026-02-24 15:50:00+08:00
西拉雅風管處,臺南市,23.189481,120.335297,25.0478,121.517,238.91,27.5,2026-02-24 15:50:00+08:00
鳳山農試,高雄市,22.646611,120.356083,25.0478,121.517,291.93,27.4,2026-02-24 15:50:00+08:00
太麻里(2),臺東縣,22.598,120.99775,25.0478,121.517,277.48,27.3,2026-02-24 15:50:00+08:00
匏子寮,高雄市,23.04905,120.55319,25.0478,121.517,242.84,27.3,2026-02-24 15:50:00+08:00
美濃,高雄市,22.898792,120.51907,25.0478,121.517,259.58,27.2,2026-02-24 15:50:00+08:00
高雄燈塔,高雄市,22.614594,120.26468,25.0478,121.517,299.04,27.1,2026-02-24 15:50:00+08:00
恆春工作站,屏東縣,22.079678,120.714425,25.0478,121.517,340.02,27.0,2026-02-24 15:50:00+08:00
東港工作站,屏東縣,22.479997,120.466058,25.0478,121.517,304.9,27.0,2026-02-24 15:50:00+08:00
高雄,高雄市,22.730432,120.312516,25.0478,121.517,285.29,27.0,2026-02-24 15:50:00+08:00
恆春畜試,屏東縣,21.945583,120.802167,25.0478,121.517,352.57,26.9,2026-02-24 15:50:00+08:00
畜試所,臺南市,23.058972,120.336406,25.0478,121.517,251.54,26.9,2026-02-24 15:50:00+08:00
六龜林試,高雄市,22.991703,120.645722,25.0478,121.517,245.15,26.9,2026-02-24 15:50:00+08:00
恆春,屏東縣,22.003897,120.746339,25.0478,121.517,347.46,26.9,2026-02-24 15:50:00+08:00
庄子底,花蓮縣,23.71794,121.49438,25.0478,121.517,147.89,26.8,2026-02-24 15:50:00+08:00
達谷寮,花蓮縣,23.38,121.35968,25.0478,121.517,186.14,26.6,2026-02-24 15:50:00+08:00
國三S385K,高雄市,22.767777,120.444444,25.0478,121.517,275.97,26.6,2026-02-24 15:50:00+08:00
西興,嘉義縣,23.2428,120.57617,25.0478,121.517,222.25,26.6,2026-02-24 15:50:00+08:00
二層坪,臺東縣,22.94105,121.16838,25.0478,121.517,236.92,26.6,2026-02-24 15:50:00+08:00
下營,臺南市,23.226806,120.256291,25.0478,121.517,239.51,26.4,2026-02-24 15:50:00+08:00
大武,臺東縣,22.35572,120.90374,25.0478,121.517,305.79,26.4,2026-02-24 15:50:00+08:00
瑞山,高雄市,22.90304,120.43424,25.0478,121.517,262.63,26.3,2026-02-24 15:50:00+08:00
蘭花園區,臺南市,23.340258,120.379661,25.0478,121.517,222.16,26.3,2026-02-24 15:50:00+08:00
國一S346K,高雄市,22.812222,120.314166,25.0478,121.517,277.01,26.3,2026-02-24 15:50:00+08:00
旗南農改,高雄市,22.857861,120.516667,25.0478,121.517,263.87,26.2,2026-02-24 15:50:00+08:00
臺東,臺東縣,22.752211,121.154586,25.0478,121.517,257.9,26.2,2026-02-24 15:50:00+08:00
國三N336K,臺南市,23.154722,120.345,25.0478,121.517,241.78,26.2,2026-02-24 15:50:00+08:00
國三S378K,高雄市,22.825958,120.415519,25.0478,121.517,271.23,26.2,2026-02-24 15:50:00+08:00
國一S336K,高雄市,22.894167,120.271178,25.0478,121.517,270.86,26.1,2026-02-24 15:50:00+08:00
永康,臺南市,23.038386,120.2367,25.0478,121.517,258.5,26.1,2026-02-24 15:50:00+08:00
臺南,臺南市,22.99328,120.20492,25.0478,121.517,264.47,26.0,2026-02-24 15:50:00+08:00
國三S342K,臺南市,23.106694,120.327528,25.0478,121.517,247.32,26.0,2026-02-24 15:50:00+08:00
加納納,花蓮縣,23.466421,121.359867,25.0478,121.517,176.56,25.9,2026-02-24 15:50:00+08:00
六官養殖協會,臺南市,23.22881,120.29962,25.0478,121.517,237.0,25.9,2026-02-24 15:50:00+08:00
義竹分場,嘉義縣,23.360694,120.279361,25.0478,121.517,225.71,25.9,2026-02-24 15:50:00+08:00
南安,花蓮縣,23.29818,121.26157,25.0478,121.517,196.27,25.8,2026-02-24 15:50:00+08:00
茅港尾,臺南市,23.2061,120.2624,25.0478,121.517,241.13,25.8,2026-02-24 15:50:00+08:00
馬頭山,嘉義縣,23.324361,120.582017,25.0478,121.517,213.82,25.8,2026-02-24 15:50:00+08:00
國一S342K,高雄市,22.845555,120.295,25.0478,121.517,274.56,25.8,2026-02-24 15:50:00+08:00
國三S366K,臺南市,22.9077,120.3513,25.0478,121.517,265.81,25.8,2026-02-24 15:50:00+08:00
太麻里(1),臺東縣,22.598922,120.980044,25.0478,121.517,277.73,25.7,2026-02-24 15:50:00+08:00
順那,臺東縣,23.04166,121.29332,25.0478,121.517,224.23,25.7,2026-02-24 15:50:00+08:00
北份子寮,臺東縣,22.78561,121.07813,25.0478,121.517,255.47,25.7,2026-02-24 15:50:00+08:00
國一N361K,高雄市,22.680555,120.328611,25.0478,121.517,289.63,25.7,2026-02-24 15:50:00+08:00
國一N323K,臺南市,23.011789,120.249453,25.0478,121.517,260.43,25.7,2026-02-24 15:50:00+08:00
烏樹,臺南市,23.32393,120.36989,25.0478,121.517,224.23,25.6,2026-02-24 15:50:00+08:00
國三S329K,臺南市,23.212777,120.355833,25.0478,121.517,235.62,25.5,2026-02-24 15:50:00+08:00
宜蘭畜試,宜蘭縣,24.669039,121.832561,25.0478,121.517,52.8,25.5,2026-02-24 15:50:00+08:00
麻汝,花蓮縣,23.42554,121.39358,25.0478,121.517,180.82,25.4,2026-02-24 15:50:00+08:00
安南,臺南市,23.076694,120.144861,25.0478,121.517,259.7,25.4,2026-02-24 15:50:00+08:00
國一N315K,臺南市,23.0835,120.251897,25.0478,121.517,253.38,25.3,2026-02-24 15:50:00+08:00
花蓮,花蓮縣,23.975128,121.613275,25.0478,121.517,119.67,25.3,2026-02-24 15:50:00+08:00
成功,臺東縣,23.097486,121.373428,25.0478,121.517,217.35,25.3,2026-02-24 15:50:00+08:00
國一N288K,臺南市,23.30609,120.290033,25.0478,121.517,230.21,25.2,2026-02-24 15:50:00+08:00
長橋,花蓮縣,23.6874,121.46186,25.0478,121.517,151.37,25.2,2026-02-24 15:50:00+08:00
國五S047K,宜蘭縣,24.675456,121.794583,25.0478,121.517,49.98,25.1,2026-02-24 15:50:00+08:00
紫雲,嘉義縣,23.494914,120.540253,25.0478,121.517,199.04,25.1,2026-02-24 15:50:00+08:00
高士國小,屏東縣,22.12553,120.84653,25.0478,121.517,332.04,25.1,2026-02-24 15:50:00+08:00
臺東茶改,臺東縣,22.907694,121.130139,25.0478,121.517,241.19,25.0,2026-02-24 15:50:00+08:00
國三S311K,臺南市,23.346388,120.438888,25.0478,121.517,218.51,25.0,2026-02-24 15:50:00+08:00
吉安,花蓮縣,23.94538,121.54803,25.0478,121.517,122.62,24.9,2026-02-24 15:50:00+08:00
蘭陽分場,宜蘭縣,24.686306,121.716583,25.0478,121.517,44.96,24.9,2026-02-24 15:50:00+08:00
國一S306K,臺南市,23.152831,120.230558,25.0478,121.517,247.88,24.8,2026-02-24 15:50:00+08:00
國一N013K,新北市,25.066739,121.628153,25.0478,121.517,11.39,24.8,2026-02-24 15:50:00+08:00
臺北,臺北市,25.037658,121.514853,25.0478,121.517,1.15,24.8,2026-02-24 15:50:00+08:00
嘉義分場,嘉義縣,23.416869,120.283061,25.0478,121.517,220.32,24.8,2026-02-24 15:50:00+08:00
國一N273K,嘉義縣,23.416666,120.355,25.0478,121.517,216.28,24.8,2026-02-24 15:50:00+08:00
朴子農改,嘉義縣,23.469889,120.259383,25.0478,121.517,216.88,24.8,2026-02-24 15:50:00+08:00
花蓮農改,花蓮縣,23.975222,121.563889,25.0478,121.517,119.36,24.7,2026-02-24 15:50:00+08:00
雲林分場,雲林縣,23.634556,120.477333,25.0478,121.517,189.18,24.7,2026-02-24 15:50:00+08:00
國三S010K,新北市,25.08,121.6475,25.0478,121.517,13.62,24.6,2026-02-24 15:50:00+08:00
嘉義大學,嘉義市,23.471325,120.485903,25.0478,121.517,204.09,24.6,2026-02-24 15:50:00+08:00
宜蘭,宜蘭縣,24.763975,121.756528,25.0478,121.517,39.74,24.6,2026-02-24 15:50:00+08:00
臺灣大學,臺北市,25.014278,121.539416,25.0478,121.517,4.36,24.6,2026-02-24 15:50:00+08:00
國一N268K,嘉義縣,23.460833,120.375833,25.0478,121.517,211.0,24.5,2026-02-24 15:50:00+08:00
班鳩分場,臺東縣,22.829528,121.077694,25.0478,121.517,250.67,24.5,2026-02-24 15:50:00+08:00
七股研究中心,臺南市,23.081672,120.062894,25.0478,121.517,263.8,24.4,2026-02-24 15:50:00+08:00
利吉,臺東縣,22.86246,121.15486,25.0478,121.517,245.77,24.4,2026-02-24 15:50:00+08:00
賓朗果園,臺東縣,22.813889,121.071278,25.0478,121.517,252.5,24.3,2026-02-24 15:50:00+08:00
新北,新北市,24.959207,121.525196,25.0478,121.517,9.89,24.3,2026-02-24 15:50:00+08:00
國三S290K,嘉義縣,23.504106,120.490742,25.0478,121.517,200.71,24.3,2026-02-24 15:50:00+08:00
安和,嘉義縣,23.51377,120.31593,25.0478,121.517,209.56,24.3,2026-02-24 15:50:00+08:00
國三N303K,嘉義縣,23.411969,120.452447,25.0478,121.517,211.51,24.2,2026-02-24 15:50:00+08:00
國三N046K,新北市,24.95083,121.3958,25.0478,121.517,16.29,24.2,2026-02-24 15:50:00+08:00
溪口農場,嘉義縣,23.58565,120.408111,25.0478,121.517,197.63,24.2,2026-02-24 15:50:00+08:00
大安森林,臺北市,25.02955,121.53628,25.0478,121.517,2.81,24.1,2026-02-24 15:50:00+08:00
國三甲005K,臺北市,25.00194,121.5975,25.0478,121.517,9.58,24.1,2026-02-24 15:50:00+08:00
國五S041K,宜蘭縣,24.734764,121.781922,25.0478,121.517,43.88,24.1,2026-02-24 15:50:00+08:00
國一S026K,新北市,25.07639,121.4964,25.0478,121.517,3.8,24.0,2026-02-24 15:50:00+08:00
嘉義農試,嘉義市,23.485028,120.473806,25.0478,121.517,203.42,24.0,2026-02-24 15:50:00+08:00
國三S037K,新北市,24.982361,121.471042,25.0478,121.517,8.63,24.0,2026-02-24 15:50:00+08:00
國五S031K,宜蘭縣,24.819144,121.782378,25.0478,121.517,36.91,24.0,2026-02-24 15:50:00+08:00
古坑(花卉中心),雲林縣,23.63353,120.55239,25.0478,121.517,185.15,24.0,2026-02-24 15:50:00+08:00
國三S016K,臺北市,25.03306,121.6158,25.0478,121.517,10.09,24.0,2026-02-24 15:50:00+08:00
蘭嶼,臺東縣,22.0369,121.55843,25.0478,121.517,334.82,24.0,2026-02-24 15:50:00+08:00
四湖,雲林縣,23.6304,120.22717,25.0478,121.517,204.73,24.0,2026-02-24 15:50:00+08:00
何竹子腳,嘉義縣,23.53641,120.38203,25.0478,121.517,203.65,24.0,2026-02-24 15:50:00+08:00
桃改臺北,新北市,24.944503,121.386972,25.0478,121.517,17.43,24.0,2026-02-24 15:50:00+08:00
國三S042K,新北市,24.96,121.4306,25.0478,121.517,13.08,24.0,2026-02-24 15:50:00+08:00
國三S007K,基隆市,25.09694,121.6678,25.0478,121.517,16.14,24.0,2026-02-24 15:50:00+08:00
明峰,臺東縣,22.8671,121.11825,25.0478,121.517,245.84,23.9,2026-02-24 15:50:00+08:00
古坑,雲林縣,23.633639,120.551889,25.0478,121.517,185.17,23.9,2026-02-24 15:50:00+08:00
國三N295K,嘉義市,23.468598,120.499369,25.0478,121.517,203.66,23.8,2026-02-24 15:50:00+08:00
國一S006K,基隆市,25.08694,121.6869,25.0478,121.517,17.66,23.8,2026-02-24 15:50:00+08:00
水試所海水繁養殖中心,臺南市,23.120802,120.079676,25.0478,121.517,259.23,23.8,2026-02-24 15:50:00+08:00
旺來山,嘉義縣,23.555153,120.486463,25.0478,121.517,196.1,23.8,2026-02-24 15:50:00+08:00
西濱N304K,臺南市,23.103439,120.086694,25.0478,121.517,260.43,23.7,2026-02-24 15:50:00+08:00
臺大和社,南投縣,23.590856,120.888864,25.0478,121.517,174.06,23.7,2026-02-24 15:50:00+08:00
東吉島,澎湖縣,23.25727,119.66762,25.0478,121.517,273.58,23.7,2026-02-24 15:50:00+08:00
台農院關渡站,臺北市,25.11575,121.492,25.0478,121.517,7.96,23.6,2026-02-24 15:50:00+08:00
國三S054K,新北市,24.93917,121.3239,25.0478,121.517,22.9,23.6,2026-02-24 15:50:00+08:00
鹿南,雲林縣,23.63855,120.3636,25.0478,121.517,195.47,23.6,2026-02-24 15:50:00+08:00
農業試驗所,臺中市,24.031261,120.688133,25.0478,121.517,140.73,23.6,2026-02-24 15:50:00+08:00
雲林臺大,雲林縣,23.730628,120.423903,25.0478,121.517,183.59,23.6,2026-02-24 15:50:00+08:00
再來山,臺東縣,23.34371,121.44122,25.0478,121.517,189.64,23.5,2026-02-24 15:50:00+08:00
國五S006K,新北市,24.989964,121.656972,25.0478,121.517,15.5,23.5,2026-02-24 15:50:00+08:00
荷苞,雲林縣,23.657717,120.595144,25.0478,121.517,180.59,23.5,2026-02-24 15:50:00+08:00
國三N279K,嘉義縣,23.596111,120.523333,25.0478,121.517,190.24,23.5,2026-02-24 15:50:00+08:00
國五S005K,新北市,24.996414,121.651931,25.0478,121.517,14.75,23.5,2026-02-24 15:50:00+08:00
布袋國中,嘉義縣,23.35893,120.18026,25.0478,121.517,231.61,23.5,2026-02-24 15:50:00+08:00
西濱S267K,嘉義縣,23.41613,120.162872,25.0478,121.517,227.53,23.4,2026-02-24 15:50:00+08:00
西濱S257K,嘉義縣,23.502278,120.171861,25.0478,121.517,219.37,23.4,2026-02-24 15:50:00+08:00
中寮,南投縣,23.884447,120.766406,25.0478,121.517,150.02,23.4,2026-02-24 15:50:00+08:00
畜試所彰化,彰化縣,23.86045,120.557964,25.0478,121.517,163.87,23.4,2026-02-24 15:50:00+08:00
西濱S280K,臺南市,23.3052,120.14891,25.0478,121.517,238.34,23.4,2026-02-24 15:50:00+08:00
消防署訓練中心,南投縣,23.82137,120.72293,25.0478,121.517,158.3,23.4,2026-02-24 15:50:00+08:00
田中,彰化縣,23.873803,120.581286,25.0478,121.517,161.28,23.4,2026-02-24 15:50:00+08:00
八德蔬果,桃園市,24.978508,121.281819,25.0478,121.517,24.92,23.3,2026-02-24 15:50:00+08:00
新竹,新竹縣,24.828575,121.01445,25.0478,121.517,56.23,23.3,2026-02-24 15:50:00+08:00
口湖工作站,雲林縣,23.589978,120.180394,25.0478,121.517,211.23,23.3,2026-02-24 15:50:00+08:00
國一N250K,嘉義縣,23.610292,120.436867,25.0478,121.517,193.72,23.3,2026-02-24 15:50:00+08:00
苗改南投蜂場,南投縣,23.852589,120.693481,25.0478,121.517,156.88,23.3,2026-02-24 15:50:00+08:00
國一N094K,新竹市,24.79778,121.0089,25.0478,121.517,58.29,23.3,2026-02-24 15:50:00+08:00
田頭村,彰化縣,23.8263,120.444175,25.0478,121.517,173.9,23.2,2026-02-24 15:50:00+08:00
國一S262K,嘉義縣,23.512333,120.403038,25.0478,121.517,204.69,23.2,2026-02-24 15:50:00+08:00
國一S088K,新竹縣,24.84444,121.0214,25.0478,121.517,54.85,23.2,2026-02-24 15:50:00+08:00
澎湖,澎湖縣,23.565503,119.563094,25.0478,121.517,257.62,23.1,2026-02-24 15:50:00+08:00
國一N234K,雲林縣,23.74633,120.467926,25.0478,121.517,179.52,23.1,2026-02-24 15:50:00+08:00
崙內,雲林縣,23.69525,120.35601,25.0478,121.517,190.91,23.1,2026-02-24 15:50:00+08:00
馬光農場,雲林縣,23.721453,120.378864,25.0478,121.517,187.18,23.1,2026-02-24 15:50:00+08:00
國二E009K,桃園市,25.018244,121.273697,25.0478,121.517,24.73,23.0,2026-02-24 15:50:00+08:00
國三S202K,彰化縣,24.092468,120.603256,25.0478,121.517,140.79,23.0,2026-02-24 15:50:00+08:00
國三N252K,雲林縣,23.77412,120.64061,25.0478,121.517,167.13,23.0,2026-02-24 15:50:00+08:00
北斗,彰化縣,23.877586,120.514222,25.0478,121.517,165.02,23.0,2026-02-24 15:50:00+08:00
崙背,雲林縣,23.75553,120.31893,25.0478,121.517,188.06,23.0,2026-02-24 15:50:00+08:00
臺大內茅埔,南投縣,23.689722,120.851117,25.0478,121.517,165.39,23.0,2026-02-24 15:50:00+08:00
臺中,臺中市,24.145736,120.684075,25.0478,121.517,130.97,23.0,2026-02-24 15:50:00+08:00
農工中心,桃園市,24.985917,121.239833,25.0478,121.517,28.76,22.9,2026-02-24 15:50:00+08:00
瑞芳,新北市,25.113169,121.801147,25.0478,121.517,29.53,22.8,2026-02-24 15:50:00+08:00
臺中農改,彰化縣,24.003028,120.534389,25.0478,121.517,152.89,22.8,2026-02-24 15:50:00+08:00
國五N008K,新北市,24.982411,121.668089,25.0478,121.517,16.87,22.8,2026-02-24 15:50:00+08:00
國三S217K,南投縣,24.00683,120.653214,25.0478,121.517,145.03,22.8,2026-02-24 15:50:00+08:00
國三S004K,基隆市,25.11444,121.6886,25.0478,121.517,18.8,22.8,2026-02-24 15:50:00+08:00
新埔工作站,新竹縣,24.834444,121.066111,25.0478,121.517,51.28,22.8,2026-02-24 15:50:00+08:00
畜試所澎湖,澎湖縣,23.628342,119.513206,25.0478,121.517,257.14,22.7,2026-02-24 15:50:00+08:00
大庄合作社,雲林縣,23.8068,120.367939,25.0478,121.517,180.48,22.7,2026-02-24 15:50:00+08:00
鳳鵬,南投縣,23.763919,120.788061,25.0478,121.517,160.71,22.7,2026-02-24 15:50:00+08:00
柑林,南投縣,24.018658,120.847072,25.0478,121.517,133.0,22.7,2026-02-24 15:50:00+08:00
港尾布雞,雲林縣,23.74834,120.38439,25.0478,121.517,184.48,22.7,2026-02-24 15:50:00+08:00
中央大學,桃園市,24.967652,121.185165,25.0478,121.517,34.61,22.7,2026-02-24 15:50:00+08:00
國一S098K,新竹縣,24.76056,120.9911,25.0478,121.517,61.91,22.7,2026-02-24 15:50:00+08:00
四湖植物園,雲林縣,23.676986,120.163433,25.0478,121.517,205.01,22.6,2026-02-24 15:50:00+08:00
埔南,彰化縣,23.99124,120.46969,25.0478,121.517,158.2,22.6,2026-02-24 15:50:00+08:00
寶山農場,新竹縣,24.732444,120.976153,25.0478,121.517,64.85,22.5,2026-02-24 15:50:00+08:00
國三N208K,臺中市,24.066147,120.660919,25.0478,121.517,139.32,22.5,2026-02-24 15:50:00+08:00
國一S207K,彰化縣,23.988304,120.508092,25.0478,121.517,155.88,22.5,2026-02-24 15:50:00+08:00
國三N223K,南投縣,23.955116,120.662376,25.0478,121.517,149.13,22.5,2026-02-24 15:50:00+08:00
國一S188K,臺中市,24.118546,120.585747,25.0478,121.517,139.8,22.5,2026-02-24 15:50:00+08:00
國三N085K,新竹縣,24.78333,121.1211,25.0478,121.517,49.59,22.5,2026-02-24 15:50:00+08:00
移民庄,彰化縣,23.9784,120.40283,25.0478,121.517,163.85,22.5,2026-02-24 15:50:00+08:00
國三S103K,新竹市,24.75861,120.9608,25.0478,121.517,64.66,22.5,2026-02-24 15:50:00+08:00
桃園農改,桃園市,24.950944,121.030583,25.0478,121.517,50.19,22.4,2026-02-24 15:50:00+08:00
觀音,桃園市,25.027072,121.153317,25.0478,121.517,36.71,22.4,2026-02-24 15:50:00+08:00
彰師大,彰化縣,24.081389,120.556667,25.0478,121.517,144.84,22.4,2026-02-24 15:50:00+08:00
埔里分場,南投縣,23.903208,120.963364,25.0478,121.517,139.06,22.3,2026-02-24 15:50:00+08:00
國五N013K,新北市,24.947603,121.705508,25.0478,121.517,22.02,22.3,2026-02-24 15:50:00+08:00
國一N039K,新北市,25.064433,121.381972,25.0478,121.517,13.73,22.3,2026-02-24 15:50:00+08:00
國三N077K,新竹縣,24.797294,121.190033,25.0478,121.517,43.16,22.3,2026-02-24 15:50:00+08:00
西濱N066K,新竹縣,24.8956,120.9649,25.0478,121.517,58.17,22.3,2026-02-24 15:50:00+08:00
百勝,南投縣,24.051142,120.909361,25.0478,121.517,126.72,22.2,2026-02-24 15:50:00+08:00
國一S001K,基隆市,25.11583,121.7286,25.0478,121.517,22.61,22.2,2026-02-24 15:50:00+08:00
國一S105K,新竹縣,24.726316,120.940643,25.0478,121.517,68.25,22.2,2026-02-24 15:50:00+08:00
國三N063K,桃園市,24.889514,121.2636,25.0478,121.517,31.02,22.2,2026-02-24 15:50:00+08:00
國一S114K,苗栗縣,24.668836,120.885811,25.0478,121.517,76.36,22.1,2026-02-24 15:50:00+08:00
芳苑,彰化縣,23.922303,120.320025,25.0478,121.517,174.17,22.1,2026-02-24 15:50:00+08:00
國一高架N063K,桃園市,24.950281,121.196314,25.0478,121.517,34.09,22.1,2026-02-24 15:50:00+08:00
伊拿谷,南投縣,23.963211,121.088264,25.0478,121.517,128.16,22.1,2026-02-24 15:50:00+08:00
麥寮,雲林縣,23.798783,120.217717,25.0478,121.517,191.29,22.0,2026-02-24 15:50:00+08:00
福隆,新北市,25.017842,121.942083,25.0478,121.517,42.96,22.0,2026-02-24 15:50:00+08:00
鹿港,彰化縣,24.0753,120.430481,25.0478,121.517,154.17,22.0,2026-02-24 15:50:00+08:00
火燒寮,新北市,25.002719,121.742892,25.0478,121.517,23.31,21.9,2026-02-24 15:50:00+08:00
泰武,屏東縣,22.60686,120.69765,25.0478,121.517,283.92,21.9,2026-02-24 15:50:00+08:00
西濱S082K,新竹市,24.751724,120.905028,25.0478,121.517,69.95,21.9,2026-02-24 15:50:00+08:00
茶改場,桃園市,24.908472,121.185333,25.0478,121.517,36.85,21.9,2026-02-24 15:50:00+08:00
竹南,苗栗縣,24.70898,120.88897,25.0478,121.517,73.71,21.9,2026-02-24 15:50:00+08:00
王功漁港,彰化縣,23.96824,120.32586,25.0478,121.517,170.1,21.9,2026-02-24 15:50:00+08:00
蓮華池,南投縣,23.918333,120.885278,25.0478,121.517,140.92,21.8,2026-02-24 15:50:00+08:00
國一N077K,新竹縣,24.885,121.0889,25.0478,121.517,46.8,21.8,2026-02-24 15:50:00+08:00
西濱S173K,彰化縣,24.1081,120.434576,25.0478,121.517,151.32,21.8,2026-02-24 15:50:00+08:00
國一S082K,新竹縣,24.87667,121.0467,25.0478,121.517,51.09,21.8,2026-02-24 15:50:00+08:00
國三N196K,彰化縣,24.107155,120.554482,25.0478,121.517,142.87,21.7,2026-02-24 15:50:00+08:00
苗栗農改,苗栗縣,24.495722,120.829111,25.0478,121.517,92.69,21.7,2026-02-24 15:50:00+08:00
大甲,臺中市,24.347667,120.640403,25.0478,121.517,117.91,21.7,2026-02-24 15:50:00+08:00
西濱N222K,雲林縣,23.737734,120.256132,25.0478,121.517,193.71,21.7,2026-02-24 15:50:00+08:00
新屋,桃園市,25.006725,121.047492,25.0478,121.517,47.52,21.7,2026-02-24 15:50:00+08:00
關西工作站,新竹縣,24.757275,121.184792,25.0478,121.517,46.54,21.6,2026-02-24 15:50:00+08:00
國三S156K,苗栗縣,24.39798,120.669487,25.0478,121.517,112.02,21.6,2026-02-24 15:50:00+08:00
國三N002K,基隆市,25.14583,121.7217,25.0478,121.517,23.32,21.6,2026-02-24 15:50:00+08:00
凍頂茶改,南投縣,23.762528,120.7405,25.0478,121.517,163.12,21.6,2026-02-24 15:50:00+08:00
西濱S129K,苗栗縣,24.4472,120.6428,25.0478,121.517,110.69,21.5,2026-02-24 15:50:00+08:00
國三N151K,苗栗縣,24.440218,120.681656,25.0478,121.517,108.08,21.5,2026-02-24 15:50:00+08:00
國三N119K,苗栗縣,24.675432,120.847389,25.0478,121.517,79.24,21.5,2026-02-24 15:50:00+08:00
國四E5K,臺中市,24.296465,120.643135,25.0478,121.517,121.56,21.5,2026-02-24 15:50:00+08:00
富貴角,新北市,25.263783,121.565258,25.0478,121.517,24.5,21.5,2026-02-24 15:50:00+08:00
國一S072K,桃園市,24.89583,121.1342,25.0478,121.517,42.12,21.5,2026-02-24 15:50:00+08:00
西濱N151K,臺中市,24.275964,120.547681,25.0478,121.517,130.23,21.5,2026-02-24 15:50:00+08:00
國一S132K,苗栗縣,24.524506,120.820831,25.0478,121.517,91.24,21.5,2026-02-24 15:50:00+08:00
萬大發電廠,南投縣,23.978875,121.139639,25.0478,121.517,124.84,21.5,2026-02-24 15:50:00+08:00
長嶺,宜蘭縣,24.70894,121.61162,25.0478,121.517,38.87,21.5,2026-02-24 15:50:00+08:00
國一N174K,臺中市,24.2049,120.6552,25.0478,121.517,127.96,21.5,2026-02-24 15:50:00+08:00
國三N072K,桃園市,24.836391,121.199371,25.0478,121.517,39.73,21.5,2026-02-24 15:50:00+08:00
後龍,苗栗縣,24.648563,120.831834,25.0478,121.517,82.16,21.4,2026-02-24 15:50:00+08:00
名間竹圍,南投縣,23.859914,120.637572,25.0478,121.517,159.28,21.4,2026-02-24 15:50:00+08:00
茶改場竹圍站,南投縣,23.86008,120.6375,25.0478,121.517,159.27,21.3,2026-02-24 15:50:00+08:00
西濱S189K,彰化縣,23.987857,120.369607,25.0478,121.517,165.42,21.3,2026-02-24 15:50:00+08:00
梧棲,臺中市,24.256003,120.523381,25.0478,121.517,133.55,21.3,2026-02-24 15:50:00+08:00
西濱N210K,彰化縣,23.843536,120.293236,25.0478,121.517,182.42,21.3,2026-02-24 15:50:00+08:00
國三S140K,苗栗縣,24.522345,120.725006,25.0478,121.517,99.03,21.3,2026-02-24 15:50:00+08:00
淡水,新北市,25.164889,121.448906,25.0478,121.517,14.71,21.2,2026-02-24 15:50:00+08:00
西濱N107K,苗栗縣,24.5958,120.7394,25.0478,121.517,93.19,21.2,2026-02-24 15:50:00+08:00
國一N158K,臺中市,24.332372,120.717144,25.0478,121.517,113.4,21.2,2026-02-24 15:50:00+08:00
新竹畜試,苗栗縣,24.527806,120.770972,25.0478,121.517,94.95,21.2,2026-02-24 15:50:00+08:00
福山,新北市,24.776203,121.502811,25.0478,121.517,30.23,21.2,2026-02-24 15:50:00+08:00
國三N191K,彰化縣,24.139256,120.5215,25.0478,121.517,142.61,21.2,2026-02-24 15:50:00+08:00
國一S162K,臺中市,24.295534,120.695976,25.0478,121.517,117.81,21.2,2026-02-24 15:50:00+08:00
四堵,新北市,24.8926,121.745736,25.0478,121.517,28.8,21.2,2026-02-24 15:50:00+08:00
文山茶改,新北市,24.955778,121.631222,25.0478,121.517,15.4,21.2,2026-02-24 15:50:00+08:00
國一S123K,苗栗縣,24.59594,120.86071,25.0478,121.517,83.14,21.2,2026-02-24 15:50:00+08:00
基隆,基隆市,25.133314,121.740475,25.0478,121.517,24.43,21.1,2026-02-24 15:50:00+08:00
大湖分場,苗栗縣,24.422861,120.871833,25.0478,121.517,95.26,21.1,2026-02-24 15:50:00+08:00
松茗,南投縣,23.8167,120.650765,25.0478,121.517,162.57,21.1,2026-02-24 15:50:00+08:00
國一S169K,臺中市,24.237116,120.688271,25.0478,121.517,123.05,21.1,2026-02-24 15:50:00+08:00
中台,南投縣,23.9996,120.938739,25.0478,121.517,130.41,21.0,2026-02-24 15:50:00+08:00
國三S168K,臺中市,24.308519,120.614471,25.0478,121.517,122.77,21.0,2026-02-24 15:50:00+08:00
大湖,苗栗縣,24.414939,120.870872,25.0478,121.517,95.97,21.0,2026-02-24 15:50:00+08:00
文化大學,臺北市,25.13605,121.53987,25.0478,121.517,10.08,20.9,2026-02-24 15:50:00+08:00
龍溪,苗栗縣,24.606489,120.783933,25.0478,121.517,88.77,20.9,2026-02-24 15:50:00+08:00
國三N183K,臺中市,24.193628,120.570311,25.0478,121.517,134.83,20.8,2026-02-24 15:50:00+08:00
國一S152K,苗栗縣,24.375492,120.749184,25.0478,121.517,107.72,20.8,2026-02-24 15:50:00+08:00
出水溪,宜蘭縣,24.615822,121.652253,25.0478,121.517,49.94,20.7,2026-02-24 15:50:00+08:00
國三S175K,臺中市,24.251494,120.589683,25.0478,121.517,128.93,20.6,2026-02-24 15:50:00+08:00
八甲,苗栗縣,24.535811,120.795983,25.0478,121.517,92.4,20.6,2026-02-24 15:50:00+08:00
大坪頂農水,南投縣,24.043122,120.932781,25.0478,121.517,126.38,20.6,2026-02-24 15:50:00+08:00
國一S144K,苗栗縣,24.437042,120.778219,25.0478,121.517,100.89,20.6,2026-02-24 15:50:00+08:00
中竹林,臺中市,24.103556,120.751061,25.0478,121.517,130.47,20.4,2026-02-24 15:50:00+08:00
南庄,苗栗縣,24.601775,121.000214,25.0478,121.517,71.97,20.4,2026-02-24 15:50:00+08:00
種苗繁殖,臺中市,24.225972,120.800917,25.0478,121.517,116.57,20.4,2026-02-24 15:50:00+08:00
三隻寮,南投縣,24.093078,120.861578,25.0478,121.517,125.15,20.4,2026-02-24 15:50:00+08:00
大肚,臺中市,24.15295,120.572117,25.0478,121.517,137.94,20.3,2026-02-24 15:50:00+08:00
六十石,花蓮縣,23.22477,121.31861,25.0478,121.517,203.71,20.2,2026-02-24 15:50:00+08:00
赤科坪,花蓮縣,23.39885,121.39168,25.0478,121.517,183.79,20.0,2026-02-24 15:50:00+08:00
發祥,南投縣,24.154094,121.164517,25.0478,121.517,105.57,20.0,2026-02-24 15:50:00+08:00
大華,嘉義縣,23.4824,120.67491,25.0478,121.517,193.87,19.9,2026-02-24 15:50:00+08:00
魚池茶改,南投縣,23.875611,120.913583,25.0478,121.517,143.94,19.9,2026-02-24 15:50:00+08:00
新坪頂,苗栗縣,24.30201,120.8574,25.0478,121.517,106.39,19.8,2026-02-24 15:50:00+08:00
日野賀,嘉義縣,23.434056,120.727169,25.0478,121.517,196.5,19.6,2026-02-24 15:50:00+08:00
彭佳嶼,基隆市,25.627975,122.079744,25.0478,121.517,85.79,19.6,2026-02-24 15:50:00+08:00
日月潭,南投縣,23.881325,120.90805,25.0478,121.517,143.6,19.3,2026-02-24 15:50:00+08:00
陽明山,臺北市,25.162078,121.544547,25.0478,121.517,13.01,18.8,2026-02-24 15:50:00+08:00
三義,苗栗縣,24.405478,120.749819,25.0478,121.517,105.38,18.6,2026-02-24 15:50:00+08:00
里佳,嘉義縣,23.389125,120.716647,25.0478,121.517,201.5,18.6,2026-02-24 15:50:00+08:00
碧湖,嘉義縣,23.568632,120.624165,25.0478,121.517,187.72,17.9,2026-02-24 15:50:00+08:00
大巃頂,嘉義縣,23.5547,120.61439,25.0478,121.517,189.55,17.9,2026-02-24 15:50:00+08:00
和興,苗栗縣,24.505319,120.923016,25.0478,121.517,85.06,17.9,2026-02-24 15:50:00+08:00
鳳凰,南投縣,23.728081,120.787347,25.0478,121.517,164.3,17.8,2026-02-24 15:50:00+08:00
草嶺石壁,雲林縣,23.602469,120.707731,25.0478,121.517,180.42,17.7,2026-02-24 15:50:00+08:00
外寮,嘉義縣,23.562643,120.665688,25.0478,121.517,186.32,17.7,2026-02-24 15:50:00+08:00
石卓,嘉義縣,23.478744,120.702264,25.0478,121.517,193.03,17.5,2026-02-24 15:50:00+08:00
摩天嶺,臺中市,24.322458,120.936819,25.0478,121.517,99.7,17.4,2026-02-24 15:50:00+08:00
卓社,南投縣,23.887894,121.000086,25.0478,121.517,139.18,17.4,2026-02-24 15:50:00+08:00
烏石坑,臺中市,24.273503,120.947617,25.0478,121.517,103.55,17.4,2026-02-24 15:50:00+08:00
鞍部,臺北市,25.182586,121.529731,25.0478,121.517,15.04,17.3,2026-02-24 15:50:00+08:00
草嶺,雲林縣,23.59555,120.693461,25.0478,121.517,181.77,17.3,2026-02-24 15:50:00+08:00
出雲,臺中市,24.206469,120.902794,25.0478,121.517,112.28,17.2,2026-02-24 15:50:00+08:00
龍南,南投縣,23.953536,120.833183,25.0478,121.517,139.97,16.7,2026-02-24 15:50:00+08:00
仁愛東眼,南投縣,24.026875,121.1205,25.0478,121.517,120.4,16.7,2026-02-24 15:50:00+08:00
金門,金門縣,24.407306,118.289281,25.0478,121.517,333.68,16.5,2026-02-24 15:50:00+08:00
瑞里,嘉義縣,23.545133,120.675197,25.0478,121.517,187.61,16.4,2026-02-24 15:50:00+08:00
奮起湖,嘉義縣,23.493903,120.699253,25.0478,121.517,191.64,16.4,2026-02-24 15:50:00+08:00
臺大溪頭,南投縣,23.670306,120.798194,25.0478,121.517,169.59,16.3,2026-02-24 15:50:00+08:00
武陵,臺中市,24.352825,121.308286,25.0478,121.517,80.1,16.1,2026-02-24 15:50:00+08:00
金門(東),金門縣,24.448431,118.451786,25.0478,121.517,316.62,16.1,2026-02-24 15:50:00+08:00
太和,嘉義縣,23.538372,120.702961,25.0478,121.517,187.02,16.1,2026-02-24 15:50:00+08:00
五峰站,新竹縣,24.612194,121.157167,25.0478,121.517,60.54,16.0,2026-02-24 15:50:00+08:00
國姓南港,南投縣,23.911108,120.846556,25.0478,121.517,143.45,15.5,2026-02-24 15:50:00+08:00
馬祖,連江縣,26.169467,119.923158,25.0478,121.517,202.72,15.4,2026-02-24 15:50:00+08:00
頭櫃山,臺中市,24.129842,120.858925,25.0478,121.517,121.84,15.3,2026-02-24 15:50:00+08:00
東引,連江縣,26.358836,120.483631,25.0478,121.517,178.8,14.5,2026-02-24 15:50:00+08:00
馬烈霸,南投縣,24.1512,121.201772,25.0478,121.517,104.67,13.8,2026-02-24 15:50:00+08:00
畢祿溪站,南投縣,24.226944,121.308522,25.0478,121.517,93.68,13.7,2026-02-24 15:50:00+08:00
拉拉山,桃園市,24.699317,121.427133,25.0478,121.517,39.8,13.4,2026-02-24 15:50:00+08:00
北東眼山,南投縣,24.120939,121.189303,25.0478,121.517,108.26,13.2,2026-02-24 15:50:00+08:00
屯原,南投縣,24.067969,121.209389,25.0478,121.517,113.31,13.1,2026-02-24 15:50:00+08:00
阿里山,嘉義縣,23.508208,120.813242,25.0478,121.517,185.46,11.7,2026-02-24 15:50:00+08:00
梨山,臺中市,24.247522,121.243669,25.0478,121.517,93.18,11.7,2026-02-24 15:50:00+08:00
玉山,南投縣,23.48718,120.95943,25.0478,121.517,182.5,7.4,2026-02-24 15:50:00+08:00
合歡山,花蓮縣,24.143186,121.284231,25.0478,121.517,103.3,5.0,2026-02-24 15:50:00+08:00
嘉義,嘉義市,23.495925,120.432906,25.0478,121.517,204.58,,2026-02-24 15:50:00+08:00
東沙島,高雄市,20.700856,116.73,25.0478,121.517,688.45,,2026-02-24 15:50:00+08:00
吉貝,澎湖縣,23.740011,119.604189,25.0478,121.517,242.21,,2026-02-24 15:50:00+08:00
臺大竹山,南投縣,23.756972,120.681556,25.0478,121.517,166.61,,2026-02-24 15:50:00+08:00
麥寮合作社,雲林縣,23.753836,120.294783,25.0478,121.517,189.79,,2026-02-24 15:50:00+08:00
扇平林試,高雄市,22.9677,120.685703,25.0478,121.517,246.23,,2026-02-24 15:50:00+08:00
臺西水試,雲林縣,23.717231,120.190522,25.0478,121.517,199.84,,2026-02-24 15:50:00+08:00
八德合作社,桃園市,24.93775,121.266389,25.0478,121.517,28.07,,2026-02-24 15:50:00+08:00
海口故事園區,雲林縣,23.57543,120.14121,25.0478,121.517,215.03,,2026-02-24 15:50:00+08:00
崎峰國小,屏東縣,22.42565,120.49521,25.0478,121.517,309.56,,2026-02-24 15:50:00+08:00
福盛,南投縣,23.89353,120.84077,25.0478,121.517,145.45,,2026-02-24 15:50:00+08:00
國一N198K,彰化縣,24.063889,120.523056,25.0478,121.517,148.58,,2026-02-24 15:50:00+08:00
國一N351K,高雄市,22.765833,120.328888,25.0478,121.517,281.02,,2026-02-24 15:50:00+08:00
西濱S241K,雲林縣,23.623426,120.172646,25.0478,121.517,208.89,,2026-02-24 15:50:00+08:00
西濱S023K,桃園市,25.11649,121.27551,25.0478,121.517,25.49,,2026-02-24 15:50:00+08:00
西濱S032K,桃園市,25.091966,121.192505,25.0478,121.517,33.05,,2026-02-24 15:50:00+08:00
