站點編號,站點名稱,城市,鄉鎮,經度,緯度,海拔高度,觀測時間,天氣現象,能見度描述,日照時數,風向,風速,氣溫,相對濕度,氣壓,紫外線指數,即時降水量,當日最高溫,當日最低溫
C2O930,玉井,臺南市,玉井區,120.46055,23.126042,69.0,2026-02-24 15:50:00+08:00,多雲,-99,,300.0,1.3,30.2,53.0,,,0.0,31.7,18.2
C2R980,竹田國中,屏東縣,竹田鄉,120.52412,22.61532,18.0,2026-02-24 15:50:00+08:00,陰,-99,,250.0,2.2,29.2,54.0,,,0.0,31.0,20.6
469020,南沙島,高雄市,旗津區,114.364286,10.370203,4.5,2026-02-24 15:50:00+08:00,-99,-99,,30.0,2.4,28.8,80.0,1009.7,,0.0,30.0,26.5
C2N180,鹿陶洋,臺南市,楠西區,120.48352,23.14325,85.0,2026-02-24 15:50:00+08:00,多雲,-99,,310.0,1.9,28.6,56.0,,,0.0,30.6,17.4
C2V250,甲仙,高雄市,甲仙區,120.591758,23.080106,298.0,2026-02-24 15:50:00+08:00,多雲,-99,,310.0,0.8,28.6,55.0,,,0.0,29.9,17.8
C2O810,曾文,臺南市,楠西區,120.497328,23.219681,161.0,2026-02-24 15:50:00+08:00,多雲,-99,,350.0,1.3,28.4,55.0,,,0.0,30.6,18.5
72Q010,高雄農改,屏東縣,長治鄉,120.525889,22.709333,45.0,2026-02-24 15:50:00+08:00,陰,-99,,310.0,1.4,28.3,59.0,,,0.0,30.7,19.6
C2R970,屏科大,屏東縣,內埔鄉,120.619247,22.648275,128.0,2026-02-24 15:50:00+08:00,陰,-99,,300.0,2.6,28.2,59.0,,,0.0,30.4,19.5
C2R170,屏東,屏東縣,屏東市,120.494027,22.660269,35.0,2026-02-24 15:50:00+08:00,陰,-99,,300.0,0.5,28.2,61.0,,,0.0,30.4,20.2
C2RA10,大新,屏東縣,內埔鄉,120.57788,22.67558,51.0,2026-02-24 15:50:00+08:00,陰,-99,,300.0,3.4,28.2,55.0,,,0.0,30.0,18.5
C2V260,月眉,高雄市,杉林區,120.539853,22.971003,126.0,2026-02-24 15:50:00+08:00,多雲,-99,,280.0,2.5,28.1,61.0,,,0.0,29.7,18.4
72N100,臺南農改,臺南市,新化區,120.342194,23.0605,41.0,2026-02-24 15:50:00+08:00,多雲,-99,,,,27.9,62.0,,,0.0,28.8,17.8
CAQ010,國三N425K,屏東縣,南州鄉,120.531666,22.480277,33.0,2026-02-24 15:50:00+08:00,陰,-99,,230.0,4.0,27.8,69.0,,,0.0,29.7,19.3
CAQ020,國三S415K,屏東縣,竹田鄉,120.528,22.568,38.0,2026-02-24 15:50:00+08:00,陰,>30,,250.0,3.6,27.6,62.0,,,0.0,29.3,20.0
C2N160,西拉雅風管處,臺南市,官田區,120.335297,23.189481,43.0,2026-02-24 15:50:00+08:00,多雲,-99,,310.0,2.2,27.5,62.0,,,0.0,29.4,19.4
G2P820,鳳山農試,高雄市,鳳山區,120.356083,22.646611,37.0,2026-02-24 15:50:00+08:00,陰,-99,,290.0,1.6,27.4,65.0,,,0.0,30.8,19.7
E2S960,太麻里(2),臺東縣,太麻里鄉,120.99775,22.598,26.0,2026-02-24 15:50:00+08:00,晴,-99,,150.0,1.2,27.3,62.0,,,0.5,28.3,19.6
C2V920,匏子寮,高雄市,甲仙區,120.55319,23.04905,212.0,2026-02-24 15:50:00+08:00,多雲,-99,,310.0,3.3,27.3,58.0,,,0.0,28.6,17.6
C2V310,美濃,高雄市,美濃區,120.51907,22.898792,51.0,2026-02-24 15:50:00+08:00,多雲,-99,,250.0,2.2,27.2,63.0,,,0.0,29.6,19.7
CAP070,高雄燈塔,高雄市,旗津區,120.26468,22.614594,34.0,2026-02-24 15:50:00+08:00,陰,-99,,190.0,1.1,27.1,73.0,,,0.0,29.9,20.0
12Q980,恆春工作站,屏東縣,車城鄉,120.714425,22.079678,16.0,2026-02-24 15:50:00+08:00,晴,-99,,100.0,4.8,27.0,64.0,,,0.0,27.6,22.8
12Q970,東港工作站,屏東縣,東港鎮,120.466058,22.479997,16.0,2026-02-24 15:50:00+08:00,陰,-99,,210.0,3.3,27.0,65.0,,,0.0,28.6,20.4
467441,高雄,高雄市,楠梓區,120.312516,22.730432,11.8,2026-02-24 15:50:00+08:00,陰,>30,2.3,300.0,2.8,27.0,68.0,1011.2,2.0,0.0,30.1,18.9
B2Q810,恆春畜試,屏東縣,恆春鎮,120.802167,21.945583,20.0,2026-02-24 15:50:00+08:00,晴,-99,,90.0,2.9,26.9,66.0,,,4.5,27.6,20.7
B2N890,畜試所,臺南市,新化區,120.336406,23.058972,31.0,2026-02-24 15:50:00+08:00,多雲,-99,,320.0,2.1,26.9,65.0,,,0.0,28.5,18.3
E2P980,六龜林試,高雄市,六龜區,120.645722,22.991703,272.0,2026-02-24 15:50:00+08:00,多雲,-99,,270.0,1.6,26.9,61.0,,,0.0,28.0,17.2
467590,恆春,屏東縣,恆春鎮,120.746339,22.003897,22.3,2026-02-24 15:50:00+08:00,晴,>30,2.5,100.0,3.6,26.9,67.0,1009.4,4.0,-990.0,27.8,21.7
C2TB80,庄子底,花蓮縣,鳳林鎮,121.49438,23.71794,88.0,2026-02-24 15:50:00+08:00,多雲,-99,,120.0,1.4,26.8,63.0,,,0.0,27.7,17.9
C2TB70,達谷寮,花蓮縣,玉里鎮,121.35968,23.38,145.0,2026-02-24 15:50:00+08:00,陰,-99,,170.0,1.0,26.6,63.0,,,0.0,28.4,18.2
CAP060,國三S385K,高雄市,大樹區,120.444444,22.767777,93.0,2026-02-24 15:50:00+08:00,陰,7-10,,290.0,1.8,26.6,70.0,,,0.0,30.8,18.8
C2M9B0,西興,嘉義縣,大埔鄉,120.57617,23.2428,454.0,2026-02-24 15:50:00+08:00,多雲,-99,,250.0,1.4,26.6,59.0,,,0.0,27.2,18.2
C2SD70,二層坪,臺東縣,鹿野鄉,121.16838,22.94105,209.0,2026-02-24 15:50:00+08:00,多雲,-99,,240.0,2.8,26.6,61.0,,,0.5,27.7,18.1
C2X060,下營,臺南市,下營區,120.256291,23.226806,3.0,2026-02-24 15:50:00+08:00,多雲,-99,,310.0,3.4,26.4,65.0,,,0.0,29.0,19.2
467540,大武,臺東縣,大武鄉,120.90374,22.35572,8.1,2026-02-24 15:50:00+08:00,晴,-99,3.8,120.0,1.4,26.4,71.0,1011.6,4.0,0.0,27.0,20.9
C2V580,瑞山,高雄市,內門區,120.43424,22.90304,108.0,2026-02-24 15:50:00+08:00,多雲,-99,,310.0,2.9,26.3,64.0,,,0.0,29.8,18.0
A2N290,蘭花園區,臺南市,後壁區,120.379661,23.340258,23.0,2026-02-24 15:50:00+08:00,陰,-99,,300.0,4.5,26.3,67.0,,,0.0,28.4,19.3
CAP020,國一S346K,高雄市,岡山區,120.314166,22.812222,24.0,2026-02-24 15:50:00+08:00,陰,-99,,300.0,1.1,26.3,79.0,,,0.0,29.6,19.3
72V140,旗南農改,高雄市,旗山區,120.516667,22.857861,44.0,2026-02-24 15:50:00+08:00,多雲,-99,,280.0,4.1,26.2,66.0,,,0.0,29.0,18.9
467660,臺東,臺東縣,臺東市,121.154586,22.752211,9.0,2026-02-24 15:50:00+08:00,晴,>30,3.2,170.0,1.6,26.2,71.0,1011.4,4.0,1.5,27.3,19.7
CAN080,國三N336K,臺南市,官田區,120.345,23.154722,49.0,2026-02-24 15:50:00+08:00,多雲,-99,,290.0,4.3,26.2,80.0,,,0.0,28.1,19.0
CAV280,國三S378K,高雄市,田寮區,120.415519,22.825958,107.0,2026-02-24 15:50:00+08:00,陰,7-10,,320.0,3.1,26.2,79.0,,,0.0,29.5,18.3
CAV270,國一S336K,高雄市,路竹區,120.271178,22.894167,23.0,2026-02-24 15:50:00+08:00,陰,21-30,,260.0,2.2,26.1,74.0,,,0.0,28.3,19.2
467420,永康,臺南市,永康區,120.2367,23.038386,8.1,2026-02-24 15:50:00+08:00,多雲,-99,2.3,310.0,3.4,26.1,66.0,1011.4,2.0,0.0,28.0,20.1
467410,臺南,臺南市,中西區,120.20492,22.99328,40.8,2026-02-24 15:50:00+08:00,陰,11-15,1.7,330.0,2.3,26.0,67.0,1009.9,1.0,0.0,27.0,20.2
CAN090,國三S342K,臺南市,善化區,120.327528,23.106694,41.0,2026-02-24 15:50:00+08:00,多雲,7-10,,300.0,4.2,26.0,73.0,,,0.0,28.2,18.8
C2TA90,加納納,花蓮縣,瑞穗鄉,121.359867,23.466421,216.0,2026-02-24 15:50:00+08:00,陰,-99,,120.0,1.3,25.9,64.0,,,0.0,27.4,17.0
CAN140,六官養殖協會,臺南市,六甲區,120.29962,23.22881,24.0,2026-02-24 15:50:00+08:00,多雲,-99,,300.0,3.7,25.9,65.0,,,0.0,27.9,19.7
72M360,義竹分場,嘉義縣,義竹鄉,120.279361,23.360694,6.0,2026-02-24 15:50:00+08:00,陰,-99,,330.0,4.1,25.9,63.0,,,0.0,27.3,18.7
C2TB60,南安,花蓮縣,卓溪鄉,121.26157,23.29818,216.0,2026-02-24 15:50:00+08:00,陰,-99,,120.0,2.3,25.8,63.0,,,0.0,27.2,17.3
C2N170,茅港尾,臺南市,下營區,120.2624,23.2061,69.0,2026-02-24 15:50:00+08:00,多雲,-99,,320.0,3.2,25.8,72.0,,,0.0,28.0,19.5
C2M410,馬頭山,嘉義縣,大埔鄉,120.582017,23.324361,245.0,2026-02-24 15:50:00+08:00,陰,-99,,340.0,2.5,25.8,64.0,,,0.0,28.9,19.1
CAP010,國一S342K,高雄市,路竹區,120.295,22.845555,31.0,2026-02-24 15:50:00+08:00,陰,-99,,290.0,2.7,25.8,82.0,,,0.0,27.8,19.3
CAN100,國三S366K,臺南市,關廟區,120.3513,22.9077,64.0,2026-02-24 15:50:00+08:00,多雲,11-15,,290.0,1.8,25.8,69.0,,,0.0,28.8,17.7
E2S980,太麻里(1),臺東縣,太麻里鄉,120.980044,22.598922,100.0,2026-02-24 15:50:00+08:00,晴,-99,,160.0,0.4,25.7,71.0,,,1.0,28.0,19.2
C2SD50,順那,臺東縣,東河鄉,121.29332,23.04166,148.0,2026-02-24 15:50:00+08:00,多雲,-99,,110.0,1.8,25.7,66.0,,,0.5,27.1,18.0
C2S9A0,北份子寮,臺東縣,卑南鄉,121.07813,22.78561,104.0,2026-02-24 15:50:00+08:00,多雲,-99,,140.0,2.5,25.7,68.0,,,0.5,27.9,19.3
CAP040,國一N361K,高雄市,仁武區,120.328611,22.680555,27.0,2026-02-24 15:50:00+08:00,陰,7-10,,280.0,3.2,25.7,82.0,,,0.0,28.8,19.6
CAN040,國一N323K,臺南市,永康區,120.249453,23.011789,33.0,2026-02-24 15:50:00+08:00,多雲,-99,,330.0,2.6,25.7,80.0,,,0.0,27.6,19.6
C2N190,烏樹,臺南市,後壁區,120.36989,23.32393,22.0,2026-02-24 15:50:00+08:00,陰,-99,,310.0,4.9,25.6,70.0,,,0.0,28.4,19.1
CAN070,國三S329K,臺南市,官田區,120.355833,23.212777,63.0,2026-02-24 15:50:00+08:00,多雲,21-30,,300.0,4.8,25.5,80.0,,,0.0,26.8,19.0
B2U990,宜蘭畜試,宜蘭縣,五結鄉,121.832561,24.669039,10.0,2026-02-24 15:50:00+08:00,陰,-99,,70.0,0.8,25.5,76.0,,,0.0,26.6,18.0
C2TB50,麻汝,花蓮縣,玉里鎮,121.39358,23.42554,291.0,2026-02-24 15:50:00+08:00,陰,-99,,60.0,0.8,25.4,64.0,,,0.0,26.0,17.7
C2O950,安南,臺南市,安南區,120.144861,23.076694,4.0,2026-02-24 15:50:00+08:00,多雲,-99,,330.0,2.9,25.4,74.0,,,0.0,27.9,19.1
CAN150,國一N315K,臺南市,新市區,120.251897,23.0835,13.0,2026-02-24 15:50:00+08:00,多雲,11-15,,300.0,4.2,25.3,79.0,,,0.0,27.3,19.2
466990,花蓮,花蓮縣,花蓮市,121.613275,23.975128,16.1,2026-02-24 15:50:00+08:00,陰,>30,4.7,170.0,4.7,25.3,77.0,1010.7,2.0,0.0,26.9,19.7
467610,成功,臺東縣,成功鎮,121.373428,23.097486,33.5,2026-02-24 15:50:00+08:00,多雲,>30,2.0,150.0,1.3,25.3,73.0,1008.3,3.0,1.0,26.6,19.6
CAN010,國一N288K,臺南市,新營區,120.290033,23.30609,34.0,2026-02-24 15:50:00+08:00,陰,>30,,360.0,3.2,25.2,74.0,,,0.0,27.8,18.7
C2TB90,長橋,花蓮縣,鳳林鎮,121.46186,23.6874,108.0,2026-02-24 15:50:00+08:00,多雲,-99,,120.0,1.2,25.2,70.0,,,0.0,28.1,17.4
CAUB50,國五S047K,宜蘭縣,羅東鎮,121.794583,24.675456,38.0,2026-02-24 15:50:00+08:00,陰,-99,,320.0,2.5,25.1,72.0,,,0.5,25.7,19.0
C2M9C0,紫雲,嘉義縣,竹崎鄉,120.540253,23.494914,104.0,2026-02-24 15:50:00+08:00,陰,-99,,310.0,3.0,25.1,69.0,,,0.0,28.2,18.9
C2R9A0,高士國小,屏東縣,牡丹鄉,120.84653,22.12553,167.0,2026-02-24 15:50:00+08:00,晴,-99,,80.0,1.0,25.1,74.0,,,0.0,26.9,20.9
82S580,臺東茶改,臺東縣,鹿野鄉,121.130139,22.907694,175.0,2026-02-24 15:50:00+08:00,多雲,-99,,,,25.0,71.0,,,0.0,28.4,18.3
CAN060,國三S311K,臺南市,白河區,120.438888,23.346388,66.0,2026-02-24 15:50:00+08:00,陰,11-15,,340.0,5.0,25.0,73.0,,,0.0,27.3,18.8
C2TB30,吉安,花蓮縣,吉安鄉,121.54803,23.94538,75.0,2026-02-24 15:50:00+08:00,陰,-99,,330.0,0.5,24.9,74.0,,,0.0,28.2,19.1
72U480,蘭陽分場,宜蘭縣,三星鄉,121.716583,24.686306,27.0,2026-02-24 15:50:00+08:00,陰,-99,,20.0,1.7,24.9,69.0,,,0.0,26.3,18.7
CAN020,國一S306K,臺南市,麻豆區,120.230558,23.152831,27.0,2026-02-24 15:50:00+08:00,多雲,7-10,,310.0,3.7,24.8,74.0,,,0.0,26.8,18.5
CAA010,國一N013K,新北市,汐止區,121.628153,25.066739,39.0,2026-02-24 15:50:00+08:00,陰,-99,,280.0,1.5,24.8,72.0,,,0.0,25.7,20.0
466920,臺北,臺北市,中正區,121.514853,25.037658,6.3,2026-02-24 15:50:00+08:00,陰,>30,0.2,340.0,1.3,24.8,64.0,1010.1,1.0,-990.0,25.6,20.8
72M700,嘉義分場,嘉義縣,鹿草鄉,120.283061,23.416869,14.0,2026-02-24 15:50:00+08:00,陰,-99,,,,24.8,70.0,,,0.0,27.7,19.2
CAL040,國一N273K,嘉義縣,水上鄉,120.355,23.416666,39.0,2026-02-24 15:50:00+08:00,陰,-99,,350.0,4.9,24.8,85.0,,,0.0,27.3,18.6
C2M920,朴子農改,嘉義縣,朴子市,120.259383,23.469889,7.0,2026-02-24 15:50:00+08:00,陰,-99,,340.0,4.8,24.8,72.0,,,0.0,27.8,19.3
72T250,花蓮農改,花蓮縣,吉安鄉,121.563889,23.975222,36.0,2026-02-24 15:50:00+08:00,陰,-99,,20.0,1.4,24.7,80.0,,,0.0,27.4,18.9
72K220,雲林分場,雲林縣,斗南鎮,120.477333,23.634556,60.0,2026-02-24 15:50:00+08:00,陰,-99,,360.0,2.7,24.7,73.0,,,0.0,30.0,19.3
CAA030,國三S010K,新北市,汐止區,121.6475,25.08,50.0,2026-02-24 15:50:00+08:00,陰,-99,,10.0,0.6,24.6,64.0,,,0.0,25.8,18.3
C2M910,嘉義大學,嘉義市,東區,120.485903,23.471325,68.0,2026-02-24 15:50:00+08:00,陰,-99,,360.0,2.2,24.6,74.0,,,0.0,29.1,19.3
467080,宜蘭,宜蘭縣,宜蘭市,121.756528,24.763975,7.2,2026-02-24 15:50:00+08:00,陰,>30,2.7,30.0,3.9,24.6,74.0,1012.4,1.0,0.0,25.7,19.0
A0A010,臺灣大學,臺北市,大安區,121.539416,25.014278,17.0,2026-02-24 15:50:00+08:00,陰,-99,,330.0,0.3,24.6,63.0,,,0.0,25.4,19.6
CAL030,國一N268K,嘉義縣,水上鄉,120.375833,23.460833,39.0,2026-02-24 15:50:00+08:00,陰,-99,,340.0,2.0,24.5,85.0,,,0.0,28.0,18.7
72S200,班鳩分場,臺東縣,卑南鄉,121.077694,22.829528,240.0,2026-02-24 15:50:00+08:00,多雲,-99,,90.0,1.5,24.5,69.0,,,0.5,27.6,17.9
72N240,七股研究中心,臺南市,七股區,120.062894,23.081672,2.0,2026-02-24 15:50:00+08:00,陰,-99,,360.0,4.8,24.4,79.0,,,0.0,26.7,19.8
C2S9B0,利吉,臺東縣,卑南鄉,121.15486,22.86246,166.0,2026-02-24 15:50:00+08:00,晴,-99,,100.0,2.5,24.4,77.0,,,1.0,28.5,18.1
72S590,賓朗果園,臺東縣,卑南鄉,121.071278,22.813889,290.0,2026-02-24 15:50:00+08:00,多雲,-99,,20.0,0.5,24.3,,,,0.0,28.0,17.7
466881,新北,新北市,新店區,121.525196,24.959207,24.5,2026-02-24 15:50:00+08:00,陰,21-30,0.4,270.0,1.5,24.3,66.0,1010.9,1.0,-990.0,25.5,17.5
CAM900,國三S290K,嘉義縣,竹崎鄉,120.490742,23.504106,47.0,2026-02-24 15:50:00+08:00,陰,7-10,,330.0,4.4,24.3,83.0,,,0.0,27.7,18.8
C2M980,安和,嘉義縣,新港鄉,120.31593,23.51377,42.0,2026-02-24 15:50:00+08:00,陰,-99,,360.0,4.5,24.3,74.0,,,0.0,27.7,19.4
CAL080,國三N303K,嘉義縣,中埔鄉,120.452447,23.411969,72.0,2026-02-24 15:50:00+08:00,陰,7-10,,320.0,3.1,24.2,85.0,,,0.0,27.6,18.8
CAA070,國三N046K,新北市,樹林區,121.3958,24.95083,54.0,2026-02-24 15:50:00+08:00,陰,-99,,300.0,1.6,24.2,75.0,,,0.0,25.3,18.3
G2M350,溪口農場,嘉義縣,溪口鄉,120.408111,23.58565,26.0,2026-02-24 15:50:00+08:00,陰,-99,,360.0,3.4,24.2,75.0,,,0.0,28.4,19.4
CAAH60,大安森林,臺北市,大安區,121.53628,25.02955,18.0,2026-02-24 15:50:00+08:00,陰,-99,,0.0,0.0,24.1,66.0,,,0.0,25.3,18.9
CAA090,國三甲005K,臺北市,文山區,121.5975,25.00194,60.0,2026-02-24 15:50:00+08:00,陰,21-30,,270.0,1.3,24.1,75.0,,,0.0,25.6,18.2
CAUB40,國五S041K,宜蘭縣,壯圍鄉,121.781922,24.734764,37.0,2026-02-24 15:50:00+08:00,陰,-99,,30.0,3.2,24.1,81.0,,,0.0,25.6,19.5
CAA020,國一S026K,新北市,三重區,121.4964,25.07639,27.0,2026-02-24 15:50:00+08:00,陰,7-10,,30.0,1.1,24.0,71.0,,,0.0,24.8,20.8
G2L020,嘉義農試,嘉義市,東區,120.473806,23.485028,79.0,2026-02-24 15:50:00+08:00,陰,-99,,330.0,3.2,24.0,74.0,,,0.0,28.8,18.6
CAA050,國三S037K,新北市,土城區,121.471042,24.982361,51.0,2026-02-24 15:50:00+08:00,陰,-99,,260.0,0.8,24.0,74.0,,,0.0,25.3,19.3
CAUB30,國五S031K,宜蘭縣,礁溪鄉,121.782378,24.819144,40.0,2026-02-24 15:50:00+08:00,陰,>30,,50.0,4.5,24.0,82.0,,,0.0,24.8,19.5
A2K570,古坑(花卉中心),雲林縣,古坑鄉,120.55239,23.63353,90.0,2026-02-24 15:50:00+08:00,陰,-99,,360.0,3.2,24.0,74.0,,,0.0,27.9,18.6
CAA040,國三S016K,臺北市,南港區,121.6158,25.03306,71.0,2026-02-24 15:50:00+08:00,陰,-99,,280.0,0.5,24.0,76.0,,,0.0,25.3,18.5
467620,蘭嶼,臺東縣,蘭嶼鄉,121.55843,22.0369,324.0,2026-02-24 15:50:00+08:00,晴,>30,3.7,180.0,3.1,24.0,80.0,976.3,3.0,-990.0,25.3,20.6
C2K280,四湖,雲林縣,四湖鄉,120.22717,23.6304,3.0,2026-02-24 15:50:00+08:00,陰,-99,,20.0,3.3,24.0,76.0,,,0.0,29.1,19.3
C2M9D0,何竹子腳,嘉義縣,民雄鄉,120.38203,23.53641,20.0,2026-02-24 15:50:00+08:00,陰,-99,,350.0,3.6,24.0,78.0,,,0.0,28.4,19.3
72AI40,桃改臺北,新北市,樹林區,121.386972,24.944503,40.0,2026-02-24 15:50:00+08:00,陰,-99,,230.0,0.6,24.0,62.0,,,0.0,25.2,18.4
CAA060,國三S042K,新北市,土城區,121.4306,24.96,50.0,2026-02-24 15:50:00+08:00,陰,7-10,,190.0,0.8,24.0,77.0,,,0.0,25.8,18.8
CAB040,國三S007K,基隆市,七堵區,121.6678,25.09694,76.0,2026-02-24 15:50:00+08:00,陰,7-10,,160.0,0.6,24.0,79.0,,,0.0,25.3,17.5
C2SD60,明峰,臺東縣,卑南鄉,121.11825,22.8671,291.0,2026-02-24 15:50:00+08:00,多雲,-99,,180.0,2.6,23.9,74.0,,,0.0,26.2,17.1
467290,古坑,雲林縣,古坑鄉,120.551889,23.633639,90.0,2026-02-24 15:50:00+08:00,陰,-99,1.3,360.0,3.1,23.9,73.0,1002.5,1.0,0.0,27.5,18.7
CAL070,國三N295K,嘉義市,東區,120.499369,23.468598,99.0,2026-02-24 15:50:00+08:00,陰,7-10,,340.0,3.7,23.8,83.0,,,0.0,27.2,18.3
CAB020,國一S006K,基隆市,七堵區,121.6869,25.08694,52.0,2026-02-24 15:50:00+08:00,陰,-99,,50.0,1.5,23.8,79.0,,,0.0,25.8,19.0
CAN130,水試所海水繁養殖中心,臺南市,七股區,120.079676,23.120802,2.3,2026-02-24 15:50:00+08:00,陰,-99,,360.0,5.2,23.8,81.0,,,0.0,24.8,19.7
C2M9E0,旺來山,嘉義縣,民雄鄉,120.486463,23.555153,125.0,2026-02-24 15:50:00+08:00,陰,-99,,360.0,4.3,23.8,74.0,,,,27.5,18.4
CAN120,西濱N304K,臺南市,七股區,120.086694,23.103439,49.0,2026-02-24 15:50:00+08:00,陰,>30,,350.0,5.8,23.7,82.0,,,0.0,24.0,19.4
U2HA30,臺大和社,南投縣,信義鄉,120.888864,23.590856,772.0,2026-02-24 15:50:00+08:00,多雲,-99,,360.0,0.8,23.7,74.0,,,0.0,27.1,15.2
467300,東吉島,澎湖縣,望安鄉,119.66762,23.25727,43.0,2026-02-24 15:50:00+08:00,陰,16-20,2.9,30.0,5.2,23.7,80.0,1008.3,3.0,0.0,25.0,20.4
G2AI50,台農院關渡站,臺北市,北投區,121.492,25.11575,9.0,2026-02-24 15:50:00+08:00,陰,-99,,320.0,0.9,23.6,65.0,,,0.0,24.1,19.5
CAA080,國三S054K,新北市,鶯歌區,121.3239,24.93917,97.0,2026-02-24 15:50:00+08:00,陰,>30,,320.0,0.6,23.6,75.0,,,0.0,25.0,18.6
C2K300,鹿南,雲林縣,元長鄉,120.3636,23.63855,14.0,2026-02-24 15:50:00+08:00,陰,-99,,360.0,4.8,23.6,78.0,,,0.0,29.1,19.4
G2F820,農業試驗所,臺中市,霧峰區,120.688133,24.031261,90.0,2026-02-24 15:50:00+08:00,陰,-99,,330.0,4.1,23.6,72.0,,,0.0,28.0,19.3
A2K630,雲林臺大,雲林縣,虎尾鎮,120.423903,23.730628,45.0,2026-02-24 15:50:00+08:00,陰,-99,,350.0,2.5,23.6,73.0,,,0.0,28.8,18.9
C2SD80,再來山,臺東縣,長濱鄉,121.44122,23.34371,215.0,2026-02-24 15:50:00+08:00,陰,-99,,130.0,0.5,23.5,77.0,,,2.5,25.8,18.5
CAAD70,國五S006K,新北市,石碇區,121.656972,24.989964,187.0,2026-02-24 15:50:00+08:00,陰,7-10,,340.0,0.5,23.5,75.0,,,0.0,24.0,17.0
C2K630,荷苞,雲林縣,古坑鄉,120.595144,23.657717,173.0,2026-02-24 15:50:00+08:00,陰,-99,,340.0,1.8,23.5,72.0,,,0.0,28.7,17.9
CAL050,國三N279K,嘉義縣,大林鎮,120.523333,23.596111,113.0,2026-02-24 15:50:00+08:00,陰,16-20,,360.0,3.6,23.5,83.0,,,0.0,27.8,18.3
CAAD60,國五S005K,新北市,石碇區,121.651931,24.996414,154.0,2026-02-24 15:50:00+08:00,陰,7-10,,10.0,0.8,23.5,67.0,,,0.0,24.0,17.0
CAL110,布袋國中,嘉義縣,布袋鎮,120.18026,23.35893,1.1,2026-02-24 15:50:00+08:00,陰,-99,,350.0,4.5,23.5,78.0,,,0.0,24.1,19.3
CAL100,西濱S267K,嘉義縣,東石鄉,120.162872,23.41613,8.0,2026-02-24 15:50:00+08:00,陰,>30,,350.0,5.1,23.4,80.0,,,0.0,23.5,19.5
CAL090,西濱S257K,嘉義縣,東石鄉,120.171861,23.502278,5.0,2026-02-24 15:50:00+08:00,陰,11-15,,360.0,2.9,23.4,79.0,,,0.0,25.1,19.5
C2H950,中寮,南投縣,中寮鄉,120.766406,23.884447,192.0,2026-02-24 15:50:00+08:00,陰,-99,,290.0,1.1,23.4,73.0,,,0.0,27.5,18.5
C2G9A0,畜試所彰化,彰化縣,北斗鎮,120.557964,23.86045,51.0,2026-02-24 15:50:00+08:00,陰,-99,,360.0,2.7,23.4,73.0,,,0.0,28.7,19.2
CAN110,西濱S280K,臺南市,北門區,120.14891,23.3052,5.0,2026-02-24 15:50:00+08:00,陰,16-20,,340.0,5.4,23.4,81.0,,,0.0,24.4,19.6
CAHA00,消防署訓練中心,南投縣,竹山鎮,120.72293,23.82137,176.0,2026-02-24 15:50:00+08:00,陰,-99,,340.0,2.0,23.4,74.0,,,0.0,29.6,18.9
467270,田中,彰化縣,田中鎮,120.581286,23.873803,48.6,2026-02-24 15:50:00+08:00,陰,>30,1.2,360.0,3.2,23.4,72.0,1008.4,1.0,-990.0,27.8,19.1
V2C260,八德蔬果,桃園市,八德區,121.281819,24.978508,103.0,2026-02-24 15:50:00+08:00,陰,-99,,340.0,0.5,23.3,66.0,,,,24.3,18.8
467571,新竹,新竹縣,竹北市,121.01445,24.828575,27.0,2026-02-24 15:50:00+08:00,陰,>30,0.8,0.0,0.0,23.3,71.0,1010.3,1.0,0.0,24.3,19.0
12J990,口湖工作站,雲林縣,口湖鄉,120.180394,23.589978,10.0,2026-02-24 15:50:00+08:00,陰,-99,,350.0,2.3,23.3,79.0,,,0.0,25.4,18.9
CAL010,國一N250K,嘉義縣,大林鎮,120.436867,23.610292,46.0,2026-02-24 15:50:00+08:00,陰,-99,,360.0,5.3,23.3,87.0,,,0.0,28.0,18.8
C2H9H0,苗改南投蜂場,南投縣,名間鄉,120.693481,23.852589,158.0,2026-02-24 15:50:00+08:00,陰,-99,,350.0,2.7,23.3,74.0,,,0.0,29.6,18.9
CAD050,國一N094K,新竹市,東區,121.0089,24.79778,75.0,2026-02-24 15:50:00+08:00,陰,-99,,330.0,0.8,23.3,72.0,,,0.0,24.2,18.6
C2G980,田頭村,彰化縣,竹塘鄉,120.444175,23.8263,27.0,2026-02-24 15:50:00+08:00,陰,-99,,350.0,1.8,23.2,79.0,,,0.0,27.0,18.6
CAL020,國一S262K,嘉義縣,民雄鄉,120.403038,23.512333,43.0,2026-02-24 15:50:00+08:00,陰,7-10,,350.0,5.3,23.2,89.0,,,0.0,27.3,18.7
CAD040,國一S088K,新竹縣,竹北市,121.0214,24.84444,48.0,2026-02-24 15:50:00+08:00,陰,21-30,,80.0,0.6,23.2,80.0,,,0.0,23.8,18.3
467350,澎湖,澎湖縣,馬公市,119.563094,23.565503,10.7,2026-02-24 15:50:00+08:00,陰,21-30,2.5,20.0,2.7,23.1,81.0,1012.1,2.0,0.0,24.6,19.6
CAJ020,國一N234K,雲林縣,西螺鎮,120.467926,23.74633,50.0,2026-02-24 15:50:00+08:00,陰,11-15,,360.0,4.7,23.1,74.0,,,0.0,27.3,18.6
C2K290,崙內,雲林縣,土庫鎮,120.35601,23.69525,14.0,2026-02-24 15:50:00+08:00,陰,-99,,350.0,5.0,23.1,79.0,,,0.0,28.1,19.3
C2K620,馬光農場,雲林縣,虎尾鎮,120.378864,23.721453,24.0,2026-02-24 15:50:00+08:00,陰,-99,,350.0,4.5,23.1,77.0,,,0.0,28.2,18.2
CAC020,國二E009K,桃園市,桃園區,121.273697,25.018244,109.0,2026-02-24 15:50:00+08:00,陰,16-20,,310.0,0.8,23.0,78.0,,,0.0,23.6,18.5
CAG060,國三S202K,彰化縣,彰化市,120.603256,24.092468,48.0,2026-02-24 15:50:00+08:00,陰,-99,,320.0,1.8,23.0,78.0,,,0.0,25.8,18.2
CAJ010,國三N252K,雲林縣,林內鄉,120.64061,23.77412,130.0,2026-02-24 15:50:00+08:00,陰,7-10,,290.0,2.7,23.0,86.0,,,0.0,27.6,18.5
C2G840,北斗,彰化縣,北斗鎮,120.514222,23.877586,32.0,2026-02-24 15:50:00+08:00,陰,-99,,360.0,2.1,23.0,76.0,,,0.0,28.7,18.7
C2K250,崙背,雲林縣,崙背鄉,120.31893,23.75553,8.0,2026-02-24 15:50:00+08:00,陰,-99,,10.0,3.4,23.0,80.0,,,0.0,29.2,18.8
U2HA40,臺大內茅埔,南投縣,信義鄉,120.851117,23.689722,507.0,2026-02-24 15:50:00+08:00,陰,-99,,300.0,1.1,23.0,71.0,,,0.0,26.5,16.7
467490,臺中,臺中市,北區,120.684075,24.145736,84.0,2026-02-24 15:50:00+08:00,陰,16-20,1.9,350.0,2.3,23.0,73.0,1003.8,1.0,-990.0,27.4,18.5
A2C560,農工中心,桃園市,中壢區,121.239833,24.985917,121.0,2026-02-24 15:50:00+08:00,陰,-99,,320.0,0.5,22.9,70.0,,,0.0,24.1,18.3
C2A660,瑞芳,新北市,瑞芳區,121.801147,25.113169,97.0,2026-02-24 15:50:00+08:00,陰,-99,,130.0,0.5,22.8,80.0,,,0.0,24.1,18.7
72G600,臺中農改,彰化縣,大村鄉,120.534389,24.003028,19.0,2026-02-24 15:50:00+08:00,陰,-99,,10.0,3.2,22.8,76.0,,,0.0,27.4,18.7
CAAD80,國五N008K,新北市,石碇區,121.668089,24.982411,217.0,2026-02-24 15:50:00+08:00,陰,7-10,,10.0,0.8,22.8,77.0,,,0.0,23.3,17.0
CAH020,國三S217K,南投縣,草屯鎮,120.653214,24.00683,93.0,2026-02-24 15:50:00+08:00,陰,-99,,350.0,3.7,22.8,83.0,,,0.0,27.2,18.8
CAB030,國三S004K,基隆市,七堵區,121.6886,25.11444,107.0,2026-02-24 15:50:00+08:00,陰,-99,,60.0,0.8,22.8,80.0,,,0.0,24.6,18.5
72D680,新埔工作站,新竹縣,新埔鎮,121.066111,24.834444,101.9,2026-02-24 15:50:00+08:00,陰,-99,,0.0,0.0,22.8,70.0,,,0.0,24.7,18.3
C2W230,畜試所澎湖,澎湖縣,西嶼鄉,119.513206,23.628342,35.0,2026-02-24 15:50:00+08:00,陰,-99,,20.0,2.2,22.7,83.0,,,0.0,25.6,19.0
V2K610,大庄合作社,雲林縣,二崙鄉,120.367939,23.8068,23.0,2026-02-24 15:50:00+08:00,陰,-99,,10.0,3.7,22.7,78.0,,,0.0,25.9,19.3
C2H9U0,鳳鵬,南投縣,鹿谷鄉,120.788061,23.763919,343.0,2026-02-24 15:50:00+08:00,陰,-99,,320.0,0.5,22.7,73.0,,,0.0,28.2,16.9
C2H9F0,柑林,南投縣,國姓鄉,120.847072,24.018658,281.0,2026-02-24 15:50:00+08:00,陰,-99,,170.0,3.2,22.7,76.0,,,0.0,29.1,17.5
C2K310,港尾布雞,雲林縣,崙背鄉,120.38439,23.74834,34.0,2026-02-24 15:50:00+08:00,陰,-99,,360.0,4.9,22.7,80.0,,,0.0,26.7,19.0
C2C410,中央大學,桃園市,中壢區,121.185165,24.967652,129.0,2026-02-24 15:50:00+08:00,陰,-99,,360.0,1.0,22.7,74.0,,,0.0,23.8,18.2
CAD060,國一S098K,新竹縣,寶山鄉,120.9911,24.76056,75.0,2026-02-24 15:50:00+08:00,陰,-99,,260.0,1.1,22.7,78.0,,,0.0,23.3,18.3
E2K600,四湖植物園,雲林縣,四湖鄉,120.163433,23.676986,11.0,2026-02-24 15:50:00+08:00,陰,-99,,340.0,1.0,22.6,98.0,,,0.0,25.2,19.5
C2G9C0,埔南,彰化縣,埔鹽鄉,120.46969,23.99124,9.0,2026-02-24 15:50:00+08:00,陰,-99,,360.0,3.4,22.6,80.0,,,0.0,26.7,18.9
C2D730,寶山農場,新竹縣,寶山鄉,120.976153,24.732444,78.0,2026-02-24 15:50:00+08:00,陰,-99,,0.0,0.2,22.5,82.0,,,0.0,24.6,18.3
CAF050,國三N208K,臺中市,霧峰區,120.660919,24.066147,85.0,2026-02-24 15:50:00+08:00,陰,-99,,350.0,4.0,22.5,82.0,,,0.0,27.1,18.3
CAG030,國一S207K,彰化縣,大村鄉,120.508092,23.988304,33.0,2026-02-24 15:50:00+08:00,陰,7-10,,360.0,3.7,22.5,82.0,,,0.0,26.3,18.5
CAH010,國三N223K,南投縣,草屯鎮,120.662376,23.955116,109.0,2026-02-24 15:50:00+08:00,陰,21-30,,340.0,4.5,22.5,76.0,,,0.0,26.8,18.3
CAF040,國一S188K,臺中市,大肚區,120.585747,24.118546,54.0,2026-02-24 15:50:00+08:00,陰,-99,,340.0,1.7,22.5,76.0,,,0.0,26.2,17.7
CAD080,國三N085K,新竹縣,關西鎮,121.1211,24.78333,182.0,2026-02-24 15:50:00+08:00,陰,>30,,240.0,0.8,22.5,81.0,,,0.0,24.2,17.3
C2G9E0,移民庄,彰化縣,二林鎮,120.40283,23.9784,8.0,2026-02-24 15:50:00+08:00,陰,-99,,360.0,2.7,22.5,80.0,,,0.0,25.7,19.3
CAD090,國三S103K,新竹市,東區,120.9608,24.75861,101.0,2026-02-24 15:50:00+08:00,陰,7-10,,320.0,0.5,22.5,81.0,,,0.0,23.5,18.0
72C440,桃園農改,桃園市,新屋區,121.030583,24.950944,70.0,2026-02-24 15:50:00+08:00,陰,-99,,0.0,0.0,22.4,77.0,,,0.0,23.0,18.7
C2C590,觀音,桃園市,觀音區,121.153317,25.027072,72.0,2026-02-24 15:50:00+08:00,陰,-99,,20.0,0.2,22.4,77.0,,,0.0,24.1,18.2
A0G720,彰師大,彰化縣,彰化市,120.556667,24.081389,37.0,2026-02-24 15:50:00+08:00,陰,-99,,310.0,2.2,22.4,84.0,,,0.0,26.8,18.5
72HA00,埔里分場,南投縣,魚池鄉,120.963364,23.903208,628.0,2026-02-24 15:50:00+08:00,陰,-99,,,,22.3,71.0,,,0.0,25.9,14.7
CAAD90,國五N013K,新北市,坪林區,121.705508,24.947603,280.0,2026-02-24 15:50:00+08:00,陰,7-10,,200.0,0.6,22.3,82.0,,,0.0,24.0,16.5
CAA990,國一N039K,新北市,泰山區,121.381972,25.064433,233.0,2026-02-24 15:50:00+08:00,陰,21-30,,260.0,0.8,22.3,77.0,,,0.0,23.8,18.3
CAD710,國三N077K,新竹縣,關西鎮,121.190033,24.797294,218.0,2026-02-24 15:50:00+08:00,陰,7-10,,300.0,0.5,22.3,79.0,,,0.0,24.0,17.5
CAD100,西濱N066K,新竹縣,新豐鄉,120.9649,24.8956,17.0,2026-02-24 15:50:00+08:00,陰,11-15,,200.0,0.4,22.3,85.0,,,0.0,22.3,18.5
C2H9G0,百勝,南投縣,國姓鄉,120.909361,24.051142,502.0,2026-02-24 15:50:00+08:00,陰,-99,,280.0,1.3,22.2,71.0,,,0.0,28.6,16.5
CAB010,國一S001K,基隆市,安樂區,121.7286,25.11583,49.0,2026-02-24 15:50:00+08:00,陰,11-15,,330.0,1.1,22.2,86.0,,,0.0,23.8,18.3
CAD010,國一S105K,新竹縣,寶山鄉,120.940643,24.726316,36.0,2026-02-24 15:50:00+08:00,陰有靄,2.8,,240.0,0.6,22.2,88.0,,,0.0,23.3,18.5
CAC030,國三N063K,桃園市,大溪區,121.2636,24.889514,203.0,2026-02-24 15:50:00+08:00,陰,-99,,300.0,0.9,22.2,79.0,,,0.0,23.8,18.2
CAE020,國一S114K,苗栗縣,頭份市,120.885811,24.668836,32.0,2026-02-24 15:50:00+08:00,陰,-99,,100.0,0.8,22.1,82.0,,,0.0,22.7,18.1
C2G870,芳苑,彰化縣,芳苑鄉,120.320025,23.922303,12.0,2026-02-24 15:50:00+08:00,陰,-99,,10.0,2.4,22.1,86.0,,,0.0,24.3,19.6
CAC760,國一高架N063K,桃園市,平鎮區,121.196314,24.950281,170.0,2026-02-24 15:50:00+08:00,陰,21-30,,350.0,1.6,22.1,80.0,,,0.0,22.7,17.2
C2H9P0,伊拿谷,南投縣,仁愛鄉,121.088264,23.963211,913.0,2026-02-24 15:50:00+08:00,陰,-99,,220.0,0.9,22.1,64.0,,,0.0,26.1,13.2
A0K420,麥寮,雲林縣,麥寮鄉,120.217717,23.798783,22.0,2026-02-24 15:50:00+08:00,陰,-99,,20.0,4.0,22.0,84.0,,,0.0,25.5,19.5
C2A880,福隆,新北市,貢寮區,121.942083,25.017842,6.0,2026-02-24 15:50:00+08:00,陰,-99,,150.0,0.6,22.0,83.0,,,0.0,25.6,21.2
C2G640,鹿港,彰化縣,鹿港鎮,120.430481,24.0753,17.0,2026-02-24 15:50:00+08:00,陰,-99,,10.0,2.1,22.0,86.0,,,0.0,26.5,19.0
C2A650,火燒寮,新北市,平溪區,121.742892,25.002719,287.0,2026-02-24 15:50:00+08:00,陰,-99,,80.0,0.5,21.9,77.0,,,0.0,24.3,15.8
C2R990,泰武,屏東縣,泰武鄉,120.69765,22.60686,952.0,2026-02-24 15:50:00+08:00,多雲,-99,,150.0,1.0,21.9,71.0,,,0.0,25.6,14.5
CAD110,西濱S082K,新竹市,香山區,120.905028,24.751724,17.0,2026-02-24 15:50:00+08:00,陰,16-20,,260.0,0.7,21.9,87.0,,,0.0,21.9,19.0
82C160,茶改場,桃園市,楊梅區,121.185333,24.908472,195.0,2026-02-24 15:50:00+08:00,陰,-99,,310.0,0.5,21.9,71.0,,,0.0,24.2,18.0
C2E420,竹南,苗栗縣,竹南鎮,120.88897,24.70898,19.0,2026-02-24 15:50:00+08:00,陰,-99,,50.0,0.2,21.9,84.0,,,0.0,23.2,19.0
CAG100,王功漁港,彰化縣,芳苑鄉,120.32586,23.96824,7.0,2026-02-24 15:50:00+08:00,陰,-99,,20.0,4.4,21.9,81.0,,,0.0,23.4,19.6
E2H360,蓮華池,南投縣,魚池鄉,120.885278,23.918333,681.0,2026-02-24 15:50:00+08:00,陰,-99,,350.0,0.5,21.8,73.0,,,0.0,26.2,15.4
CAD020,國一N077K,新竹縣,湖口鄉,121.0889,24.885,172.0,2026-02-24 15:50:00+08:00,陰,-99,,260.0,1.3,21.8,82.0,,,0.0,23.3,17.5
CAG070,西濱S173K,彰化縣,鹿港鎮,120.434576,24.1081,23.0,2026-02-24 15:50:00+08:00,陰,16-20,,40.0,3.0,21.8,86.0,,,0.0,23.9,19.1
CAD030,國一S082K,新竹縣,湖口鄉,121.0467,24.87667,137.0,2026-02-24 15:50:00+08:00,陰,-99,,40.0,0.8,21.8,79.0,,,0.0,22.8,17.3
CAG050,國三N196K,彰化縣,彰化市,120.554482,24.107155,60.0,2026-02-24 15:50:00+08:00,陰,7-10,,360.0,3.2,21.7,82.0,,,0.0,24.7,17.8
K2E360,苗栗農改,苗栗縣,公館鄉,120.829111,24.495722,100.0,2026-02-24 15:50:00+08:00,陰,-99,,360.0,2.3,21.7,78.0,,,0.0,23.8,17.4
C2F930,大甲,臺中市,大甲區,120.640403,24.347667,100.0,2026-02-24 15:50:00+08:00,陰,-99,,0.0,0.1,21.7,84.0,,,0.0,24.9,17.4
CAJ030,西濱N222K,雲林縣,麥寮鄉,120.256132,23.737734,31.0,2026-02-24 15:50:00+08:00,陰,16-20,,10.0,6.3,21.7,85.0,,,0.0,25.1,19.1
467050,新屋,桃園市,新屋區,121.047492,25.006725,20.6,2026-02-24 15:50:00+08:00,陰,7-10,0.1,360.0,1.5,21.7,87.0,1011.2,1.0,-990.0,22.4,18.5
C2D720,關西工作站,新竹縣,關西鎮,121.184792,24.757275,164.0,2026-02-24 15:50:00+08:00,陰,-99,,90.0,0.3,21.6,90.0,,,0.0,25.9,17.4
CAE090,國三S156K,苗栗縣,苑裡鎮,120.669487,24.39798,89.0,2026-02-24 15:50:00+08:00,陰,-99,,20.0,1.8,21.6,81.0,,,0.0,22.3,17.1
CAB050,國三N002K,基隆市,中山區,121.7217,25.14583,79.0,2026-02-24 15:50:00+08:00,陰,-99,,20.0,0.5,21.6,87.0,,,0.0,23.3,18.5
82H840,凍頂茶改,南投縣,鹿谷鄉,120.7405,23.762528,390.0,2026-02-24 15:50:00+08:00,陰,-99,,300.0,1.1,21.6,72.0,,,0.0,26.3,16.9
CAE110,西濱S129K,苗栗縣,苑裡鎮,120.6428,24.4472,42.0,2026-02-24 15:50:00+08:00,陰,21-30,,50.0,2.8,21.5,83.0,,,0.0,21.7,18.0
CAE070,國三N151K,苗栗縣,苑裡鎮,120.681656,24.440218,77.0,2026-02-24 15:50:00+08:00,陰,-99,,30.0,2.5,21.5,78.0,,,0.0,23.3,17.2
CAE060,國三N119K,苗栗縣,竹南鎮,120.847389,24.675432,28.0,2026-02-24 15:50:00+08:00,陰,11-15,,90.0,1.1,21.5,89.0,,,0.0,22.0,18.5
CAF090,國四E5K,臺中市,神岡區,120.643135,24.296465,130.0,2026-02-24 15:50:00+08:00,陰,-99,,320.0,1.2,21.5,88.0,,,0.0,24.7,17.1
C2A920,富貴角,新北市,石門區,121.565258,25.263783,196.0,2026-02-24 15:50:00+08:00,陰,-99,,260.0,0.8,21.5,80.0,,,0.0,23.1,17.2
CAC010,國一S072K,桃園市,楊梅區,121.1342,24.89583,214.0,2026-02-24 15:50:00+08:00,陰,7-10,,10.0,0.9,21.5,81.0,,,0.0,22.3,17.2
CAF100,西濱N151K,臺中市,清水區,120.547681,24.275964,14.0,2026-02-24 15:50:00+08:00,陰,21-30,,40.0,1.9,21.5,86.0,,,0.0,23.7,18.4
CAE040,國一S132K,苗栗縣,公館鄉,120.820831,24.524506,97.0,2026-02-24 15:50:00+08:00,陰,7-10,,30.0,1.8,21.5,82.0,,,0.0,23.0,17.5
42HA10,萬大發電廠,南投縣,仁愛鄉,121.139639,23.978875,1000.0,2026-02-24 15:50:00+08:00,陰,-99,,350.0,1.3,21.5,66.0,,,0.0,25.2,13.4
C2UC20,長嶺,宜蘭縣,員山鄉,121.61162,24.70894,465.0,2026-02-24 15:50:00+08:00,陰,-99,,290.0,0.3,21.5,82.0,,,0.0,23.4,16.3
CAF010,國一N174K,臺中市,西屯區,120.6552,24.2049,150.0,2026-02-24 15:50:00+08:00,陰,16-20,,350.0,3.0,21.5,85.0,,,0.0,25.2,17.2
CAC770,國三N072K,桃園市,龍潭區,121.199371,24.836391,313.0,2026-02-24 15:50:00+08:00,陰,7-10,,260.0,0.5,21.5,83.0,,,0.0,24.0,17.5
467280,後龍,苗栗縣,造橋鄉,120.831834,24.648563,30.0,2026-02-24 15:50:00+08:00,陰,11-15,0.3,70.0,1.4,21.4,91.0,1009.4,0.0,-990.0,22.8,18.3
C2H9T0,名間竹圍,南投縣,名間鄉,120.637572,23.859914,317.0,2026-02-24 15:50:00+08:00,陰,-99,,320.0,1.5,21.4,80.0,,,0.0,26.5,17.3
CAH030,茶改場竹圍站,南投縣,名間鄉,120.6375,23.86008,300.0,2026-02-24 15:50:00+08:00,陰,-99,,330.0,1.3,21.3,80.0,,,0.0,26.4,17.3
CAG080,西濱S189K,彰化縣,芳苑鄉,120.369607,23.987857,30.0,2026-02-24 15:50:00+08:00,陰,16-20,,10.0,3.4,21.3,87.0,,,0.0,22.9,19.0
C0FA30,梧棲,臺中市,梧棲區,120.523381,24.256003,31.7,2026-02-24 15:50:00+08:00,陰,-99,,360.0,2.4,21.3,93.0,,,0.0,22.4,18.4
CAG090,西濱N210K,彰化縣,大城鄉,120.293236,23.843536,48.0,2026-02-24 15:50:00+08:00,陰,21-30,,30.0,5.3,21.3,87.0,,,0.0,23.5,19.1
CAE080,國三S140K,苗栗縣,通霄鎮,120.725006,24.522345,64.0,2026-02-24 15:50:00+08:00,陰,7-10,,50.0,0.8,21.3,83.0,,,0.0,23.6,17.6
466900,淡水,新北市,淡水區,121.448906,25.164889,19.0,2026-02-24 15:50:00+08:00,陰,11-15,0.3,300.0,0.8,21.2,88.0,1011.8,1.0,-990.0,22.6,18.8
CAE100,西濱N107K,苗栗縣,後龍鎮,120.7394,24.5958,47.0,2026-02-24 15:50:00+08:00,陰,16-20,,170.0,0.7,21.2,89.0,,,0.0,21.4,17.7
CAF950,國一N158K,臺中市,后里區,120.717144,24.332372,183.0,2026-02-24 15:50:00+08:00,陰,7-10,,330.0,2.7,21.2,86.0,,,0.0,23.2,16.7
B2E890,新竹畜試,苗栗縣,西湖鄉,120.770972,24.527806,90.0,2026-02-24 15:50:00+08:00,陰,-99,,250.0,0.4,21.2,85.0,,,0.0,23.8,17.5
C2A560,福山,新北市,烏來區,121.502811,24.776203,405.0,2026-02-24 15:50:00+08:00,陰,-99,,320.0,0.4,21.2,79.0,,,0.0,24.4,15.2
CAG040,國三N191K,彰化縣,和美鎮,120.5215,24.139256,35.0,2026-02-24 15:50:00+08:00,陰,-99,,20.0,2.7,21.2,88.0,,,0.0,24.7,18.0
CAF020,國一S162K,臺中市,后里區,120.695976,24.295534,209.0,2026-02-24 15:50:00+08:00,陰,-99,,350.0,2.6,21.2,80.0,,,0.0,24.0,16.5
C2A540,四堵,新北市,坪林區,121.745736,24.8926,401.0,2026-02-24 15:50:00+08:00,陰,-99,,320.0,0.3,21.2,78.0,,,0.0,24.5,16.5
82A750,文山茶改,新北市,石碇區,121.631222,24.955778,401.0,2026-02-24 15:50:00+08:00,陰,-99,,0.0,0.0,21.2,78.0,,,0.0,23.8,17.5
CAE030,國一S123K,苗栗縣,頭屋鄉,120.86071,24.59594,76.0,2026-02-24 15:50:00+08:00,陰,-99,,50.0,0.6,21.2,85.0,,,0.0,23.2,17.2
466940,基隆,基隆市,仁愛區,121.740475,25.133314,26.7,2026-02-24 15:50:00+08:00,陰,7-10,0.7,20.0,1.8,21.1,86.0,1010.6,2.0,0.0,23.5,20.3
K2E710,大湖分場,苗栗縣,大湖鄉,120.871833,24.422861,286.0,2026-02-24 15:50:00+08:00,陰,-99,,340.0,1.6,21.1,77.0,,,0.0,24.9,16.0
C2H9Y0,松茗,南投縣,名間鄉,120.650765,23.8167,415.0,2026-02-24 15:50:00+08:00,陰,-99,,10.0,2.1,21.1,78.0,,,0.0,27.3,17.1
CAF030,國一S169K,臺中市,神岡區,120.688271,24.237116,195.0,2026-02-24 15:50:00+08:00,陰,-99,,350.0,2.7,21.1,87.0,,,0.0,24.6,16.8
C2H9J0,中台,南投縣,埔里鎮,120.938739,23.9996,545.0,2026-02-24 15:50:00+08:00,陰,-99,,290.0,1.3,21.0,76.0,,,0.0,28.4,15.8
CAF060,國三S168K,臺中市,清水區,120.614471,24.308519,117.0,2026-02-24 15:50:00+08:00,陰,11-15,,10.0,2.0,21.0,85.0,,,0.0,23.2,17.3
C2E520,大湖,苗栗縣,大湖鄉,120.870872,24.414939,320.0,2026-02-24 15:50:00+08:00,陰,-99,,320.0,0.6,21.0,82.0,,,0.0,25.6,16.0
A0A460,文化大學,臺北市,士林區,121.53987,25.13605,424.4,2026-02-24 15:50:00+08:00,陰,-99,,190.0,0.8,20.9,73.0,,,0.0,22.1,17.5
C2E540,龍溪,苗栗縣,後龍鎮,120.783933,24.606489,32.0,2026-02-24 15:50:00+08:00,陰,-99,,80.0,0.4,20.9,87.0,,,0.0,23.0,17.5
CAF980,國三N183K,臺中市,龍井區,120.570311,24.193628,131.0,2026-02-24 15:50:00+08:00,陰,7-10,,10.0,2.2,20.8,84.0,,,0.0,24.0,17.0
CAE050,國一S152K,苗栗縣,三義鄉,120.749184,24.375492,339.0,2026-02-24 15:50:00+08:00,陰,21-30,,30.0,3.1,20.8,80.0,,,0.0,24.3,17.0
C2UC10,出水溪,宜蘭縣,大同鄉,121.652253,24.615822,556.0,2026-02-24 15:50:00+08:00,陰,-99,,60.0,1.3,20.7,79.0,,,0.0,23.3,14.7
CAF960,國三S175K,臺中市,沙鹿區,120.589683,24.251494,154.0,2026-02-24 15:50:00+08:00,陰,7-10,,10.0,3.0,20.6,83.0,,,0.0,23.5,16.5
C2E970,八甲,苗栗縣,苗栗市,120.795983,24.535811,175.0,2026-02-24 15:50:00+08:00,陰,-99,,350.0,0.4,20.6,90.0,,,0.0,23.5,17.2
C2H9W0,大坪頂農水,南投縣,埔里鎮,120.932781,24.043122,724.0,2026-02-24 15:50:00+08:00,陰,-99,,280.0,2.6,20.6,76.0,,,0.0,26.8,15.2
CAE560,國一S144K,苗栗縣,銅鑼鄉,120.778219,24.437042,265.0,2026-02-24 15:50:00+08:00,陰,7-10,,10.0,1.7,20.6,82.0,,,0.0,23.3,16.2
C2F9A0,中竹林,臺中市,太平區,120.751061,24.103556,425.0,2026-02-24 15:50:00+08:00,陰,-99,,330.0,1.3,20.4,85.0,,,0.0,27.1,16.6
C2E430,南庄,苗栗縣,南庄鄉,121.000214,24.601775,258.0,2026-02-24 15:50:00+08:00,陰,-99,,130.0,0.4,20.4,91.0,,,0.0,23.4,17.6
K2F750,種苗繁殖,臺中市,新社區,120.800917,24.225972,470.0,2026-02-24 15:50:00+08:00,陰,-99,,350.0,1.7,20.4,80.0,,,0.0,25.7,15.9
C2H9D0,三隻寮,南投縣,國姓鄉,120.861578,24.093078,741.0,2026-02-24 15:50:00+08:00,陰,-99,,290.0,1.2,20.4,76.0,,,0.0,28.6,15.9
C2F000,大肚,臺中市,大肚區,120.572117,24.15295,273.0,2026-02-24 15:50:00+08:00,陰,-99,,30.0,2.2,20.3,85.0,,,0.0,24.1,16.7
C2TA60,六十石,花蓮縣,富里鄉,121.31861,23.22477,919.0,2026-02-24 15:50:00+08:00,多雲,-99,,240.0,1.1,20.2,80.0,,,0.0,22.5,14.5
C2TA70,赤科坪,花蓮縣,玉里鎮,121.39168,23.39885,872.0,2026-02-24 15:50:00+08:00,陰,-99,,210.0,1.7,20.0,80.0,,,0.0,21.0,15.0
C2H9M0,發祥,南投縣,仁愛鄉,121.164517,24.154094,1255.0,2026-02-24 15:50:00+08:00,陰,-99,,130.0,0.8,20.0,59.0,,,0.0,25.3,12.9
C2M9A0,大華,嘉義縣,竹崎鄉,120.67491,23.4824,987.0,2026-02-24 15:50:00+08:00,陰,-99,,100.0,0.8,19.9,81.0,,,0.0,26.8,14.9
82H320,魚池茶改,南投縣,魚池鄉,120.913583,23.875611,850.0,2026-02-24 15:50:00+08:00,陰,-99,,220.0,1.3,19.9,77.0,,,0.0,25.3,14.4
C2E990,新坪頂,苗栗縣,卓蘭鎮,120.8574,24.30201,549.0,2026-02-24 15:50:00+08:00,陰,-99,,350.0,1.6,19.8,83.0,,,0.0,25.0,16.2
C2M940,日野賀,嘉義縣,阿里山鄉,120.727169,23.434056,1112.0,2026-02-24 15:50:00+08:00,多雲,-99,,50.0,1.8,19.6,81.0,,,0.0,23.9,13.5
466950,彭佳嶼,基隆市,中正區,122.079744,25.627975,101.7,2026-02-24 15:50:00+08:00,陰有靄,7-10,0.2,310.0,3.5,19.6,94.0,1002.2,1.0,-990.0,22.2,18.9
467650,日月潭,南投縣,魚池鄉,120.90805,23.881325,1017.5,2026-02-24 15:50:00+08:00,陰有靄,7-10,3.3,260.0,1.0,19.3,84.0,,1.0,0.0,24.6,14.5
466930,陽明山,臺北市,北投區,121.544547,25.162078,607.1,2026-02-24 15:50:00+08:00,陰,-99,0.4,200.0,0.3,18.8,86.0,945.2,1.0,0.0,20.3,16.5
C2E880,三義,苗栗縣,三義鄉,120.749819,24.405478,507.0,2026-02-24 15:50:00+08:00,陰,-99,,40.0,1.8,18.6,90.0,,,0.0,22.4,15.4
C2M810,里佳,嘉義縣,阿里山鄉,120.716647,23.389125,1354.0,2026-02-24 15:50:00+08:00,多雲,-99,,290.0,1.1,18.6,85.0,,,0.0,21.7,13.0
C2M970,碧湖,嘉義縣,梅山鄉,120.624165,23.568632,1019.0,2026-02-24 15:50:00+08:00,陰,-99,,330.0,1.1,17.9,92.0,,,0.0,24.2,14.9
C2M990,大巃頂,嘉義縣,梅山鄉,120.61439,23.5547,1018.0,2026-02-24 15:50:00+08:00,陰,-99,,250.0,1.1,17.9,92.0,,,0.0,23.2,14.4
C2E980,和興,苗栗縣,獅潭鄉,120.923016,24.505319,640.0,2026-02-24 15:50:00+08:00,陰,-99,,20.0,1.9,17.9,95.0,,,0.0,23.4,15.4
C2I090,鳳凰,南投縣,鹿谷鄉,120.787347,23.728081,910.0,2026-02-24 15:50:00+08:00,陰,-99,,290.0,1.1,17.8,94.0,,,0.0,22.7,14.7
C2K610,草嶺石壁,雲林縣,古坑鄉,120.707731,23.602469,1143.0,2026-02-24 15:50:00+08:00,陰,-99,,310.0,1.0,17.7,90.0,,,0.0,23.8,14.2
C2M960,外寮,嘉義縣,梅山鄉,120.665688,23.562643,1126.0,2026-02-24 15:50:00+08:00,陰,-99,,280.0,1.2,17.7,92.0,,,0.0,24.0,14.3
C2M930,石卓,嘉義縣,竹崎鄉,120.702264,23.478744,1548.0,2026-02-24 15:50:00+08:00,陰,-99,,210.0,1.5,17.5,87.0,,,0.0,20.2,12.6
C2F990,摩天嶺,臺中市,和平區,120.936819,24.322458,1018.0,2026-02-24 15:50:00+08:00,陰,-99,,160.0,1.0,17.4,93.0,,,0.0,24.2,14.2
C2H9R0,卓社,南投縣,仁愛鄉,121.000086,23.887894,1301.0,2026-02-24 15:50:00+08:00,陰,-99,,320.0,1.0,17.4,84.0,,,0.0,21.7,13.3
C2FA00,烏石坑,臺中市,和平區,120.947617,24.273503,983.0,2026-02-24 15:50:00+08:00,陰,-99,,70.0,0.5,17.4,93.0,,,0.0,23.5,14.0
466910,鞍部,臺北市,北投區,121.529731,25.182586,837.6,2026-02-24 15:50:00+08:00,陰,>30,0.3,180.0,0.4,17.3,94.0,,1.0,-990.0,19.2,14.7
C2K240,草嶺,雲林縣,古坑鄉,120.693461,23.59555,1132.0,2026-02-24 15:50:00+08:00,陰,-99,,330.0,3.0,17.3,94.0,,,0.0,22.6,14.1
C2FB50,出雲,臺中市,和平區,120.902794,24.206469,1070.0,2026-02-24 15:50:00+08:00,陰,-99,,340.0,0.6,17.2,88.0,,,0.0,25.9,13.3
C2H9S0,龍南,南投縣,國姓鄉,120.833183,23.953536,1000.0,2026-02-24 15:50:00+08:00,陰,-99,,280.0,3.4,16.7,93.0,,,0.0,27.0,14.2
C2H9N0,仁愛東眼,南投縣,仁愛鄉,121.1205,24.026875,1439.0,2026-02-24 15:50:00+08:00,陰,-99,,240.0,3.6,16.7,83.0,,,0.0,21.9,13.1
467110,金門,金門縣,金城鎮,118.289281,24.407306,47.9,2026-02-24 15:50:00+08:00,陰有霧,<1,0.0,170.0,1.1,16.5,98.0,1010.8,1.0,12.0,17.2,15.4
C2M620,瑞里,嘉義縣,梅山鄉,120.675197,23.545133,1252.0,2026-02-24 15:50:00+08:00,陰,-99,,300.0,1.8,16.4,96.0,,,0.0,23.1,13.8
C2M530,奮起湖,嘉義縣,竹崎鄉,120.699253,23.493903,1385.0,2026-02-24 15:50:00+08:00,陰,-99,,230.0,0.7,16.4,96.0,,,0.0,22.2,12.6
U2H480,臺大溪頭,南投縣,鹿谷鄉,120.798194,23.670306,1150.0,2026-02-24 15:50:00+08:00,陰,-99,,330.0,0.6,16.3,95.0,,,0.0,21.0,12.8
A0F010,武陵,臺中市,和平區,121.308286,24.352825,1804.0,2026-02-24 15:50:00+08:00,陰,-99,,210.0,1.8,16.1,68.0,,,0.0,19.6,7.5
C2W030,金門(東),金門縣,金湖鎮,118.451786,24.448431,24.0,2026-02-24 15:50:00+08:00,陰,-99,,130.0,1.8,16.1,97.0,,,16.0,17.0,15.2
C2M950,太和,嘉義縣,梅山鄉,120.702961,23.538372,1367.0,2026-02-24 15:50:00+08:00,陰,-99,,340.0,1.8,16.1,95.0,,,0.0,20.9,13.4
72D080,五峰站,新竹縣,五峰鄉,121.157167,24.612194,1048.0,2026-02-24 15:50:00+08:00,陰,-99,,0.0,0.0,16.0,99.0,,,0.0,20.4,14.2
C2H9E0,國姓南港,南投縣,國姓鄉,120.846556,23.911108,1166.0,2026-02-24 15:50:00+08:00,陰,-99,,280.0,3.2,15.5,99.0,,,0.0,26.1,13.5
467990,馬祖,連江縣,南竿鄉,119.923158,26.169467,97.8,2026-02-24 15:50:00+08:00,陰有靄,3-6,0.1,210.0,2.2,15.4,98.0,1003.4,1.0,1.5,16.7,13.0
C2FB60,頭櫃山,臺中市,新社區,120.858925,24.129842,1117.0,2026-02-24 15:50:00+08:00,陰,-99,,300.0,5.2,15.3,99.0,,,0.0,24.8,13.5
CAW010,東引,連江縣,東引鄉,120.483631,26.358836,42.0,2026-02-24 15:50:00+08:00,陰有靄,3-6,,160.0,1.4,14.5,94.0,,,1.0,15.6,12.6
C2H9L0,馬烈霸,南投縣,仁愛鄉,121.201772,24.1512,1999.0,2026-02-24 15:50:00+08:00,陰,-99,,140.0,1.2,13.8,78.0,,,0.0,20.0,11.4
E2HA20,畢祿溪站,南投縣,仁愛鄉,121.308522,24.226944,2188.0,2026-02-24 15:50:00+08:00,陰,-99,,0.0,0.0,13.7,65.0,,,0.0,20.1,3.8
CAC040,拉拉山,桃園市,復興區,121.427133,24.699317,1684.0,2026-02-24 15:50:00+08:00,陰,-99,,200.0,0.6,13.4,91.0,,,0.0,18.4,11.0
C2H9Q0,北東眼山,南投縣,仁愛鄉,121.189303,24.120939,2032.0,2026-02-24 15:50:00+08:00,陰,-99,,90.0,0.4,13.2,81.0,,,0.0,19.0,10.9
C2H9K0,屯原,南投縣,仁愛鄉,121.209389,24.067969,2047.0,2026-02-24 15:50:00+08:00,陰,-99,,210.0,1.8,13.1,81.0,,,0.0,17.3,11.3
467530,阿里山,嘉義縣,阿里山鄉,120.813242,23.508208,2413.4,2026-02-24 15:50:00+08:00,多雲,>30,2.6,240.0,1.0,11.7,87.0,,3.0,0.0,13.6,7.6
C2F860,梨山,臺中市,和平區,121.243669,24.247522,2215.0,2026-02-24 15:50:00+08:00,陰,-99,,210.0,3.1,11.7,82.0,,,0.0,17.0,7.5
467550,玉山,南投縣,信義鄉,120.95943,23.48718,3844.8,2026-02-24 15:50:00+08:00,多雲,-99,1.6,240.0,2.0,7.4,58.0,,3.0,0.0,10.9,1.9
A0Z080,合歡山,花蓮縣,秀林鄉,121.284231,24.143186,3171.0,2026-02-24 15:50:00+08:00,陰,-99,,90.0,5.9,5.0,80.0,,,0.0,13.1,3.2
467480,嘉義,嘉義市,西區,120.432906,23.495925,26.9,2026-02-24 15:50:00+08:00,陰,-99,,,,,,,,,,
468100,東沙島,高雄市,旗津區,116.73,20.700856,4.0,2026-02-24 15:50:00+08:00,-99,-99,,,,,,,,,,
A0W080,吉貝,澎湖縣,白沙鄉,119.604189,23.740011,3.0,2026-02-24 15:50:00+08:00,陰,-99,,,,,,,,,,
U2HA50,臺大竹山,南投縣,竹山鎮,120.681556,23.756972,156.0,2026-02-24 15:50:00+08:00,陰,-99,,,,,,,,,,
V2K620,麥寮合作社,雲林縣,麥寮鄉,120.294783,23.753836,9.0,2026-02-24 15:50:00+08:00,陰,-99,,,,,,,,,,
E2P990,扇平林試,高雄市,茂林區,120.685703,22.9677,677.0,2026-02-24 15:50:00+08:00,多雲,-99,,,,,,,,,,
A2K360,臺西水試,雲林縣,臺西鄉,120.190522,23.717231,1.0,2026-02-24 15:50:00+08:00,陰,-99,,10.0,2.1,,,,,0.0,,
V2C250,八德合作社,桃園市,八德區,121.266389,24.93775,150.0,2026-02-24 15:50:00+08:00,陰,-99,,,,,,,,,,
CAJ050,海口故事園區,雲林縣,口湖鄉,120.14121,23.57543,4.0,2026-02-24 15:50:00+08:00,陰,-99,,,,,,,,,,
CAQ030,崎峰國小,屏東縣,林邊鄉,120.49521,22.42565,10.0,2026-02-24 15:50:00+08:00,陰,-99,,190.0,4.2,,,,,0.0,,
C2H9X0,福盛,南投縣,中寮鄉,120.84077,23.89353,706.0,2026-02-24 15:50:00+08:00,陰,-99,,,,,,,,,,
CAG010,國一N198K,彰化縣,彰化市,120.523056,24.063889,28.0,2026-02-24 15:50:00+08:00,陰,-99,,,,,,,,,,
CAP030,國一N351K,高雄市,橋頭區,120.328888,22.765833,37.0,2026-02-24 15:50:00+08:00,陰,-99,,,,,,,,,,
CAJ040,西濱S241K,雲林縣,口湖鄉,120.172646,23.623426,14.0,2026-02-24 15:50:00+08:00,陰,-99,,,,,,,,,,
CAC050,西濱S023K,桃園市,蘆竹區,121.27551,25.11649,23.0,2026-02-24 15:50:00+08:00,陰,21-30,,,,,,,,,,
CAC060,西濱S032K,桃園市,大園區,121.192505,25.091966,21.0,2026-02-24 15:50:00+08:00,陰,-99,,,,,,,,,,
